brand_folder,brand,rank,days_running,started_running,display_format,cta_type,video_duration_s,hook,headline,primary_text,transcript,landing_url,placements,foreplay_url,foreplay_id,media_files,thumbnail_file,media_count
01_vidIQ,vidIQ,1,411,2025-08-01,DCO,SIGN_UP,30.95,"I know why nobody's watching your YouTube videos. It is not because your content isn't good, it is because you can not hook attention! So let me tell you what you can do about that... Start with a bold question A surprising fact or the exact problem Your video will solve Because if YOU don´T grab them fast they'll never see the rest of what YOU have to say Notice how YOUR still paying attention? Yeah Click on this link To learn how TO DO THIS For YOUR videos",Get More Views on YouTube Today!,"Want more views and faster YouTube growth?

vidIQ helps you rank higher, get more clicks, and create thumbnails that stand out — all in one place.

🔍 Find keywords your audience is searching for
✍️ Write optimized titles & descriptions with live SEO tips
🖼️ Design thumbnails that drive clicks
📈 Spot what’s trending right now — including Shorts
⭐️ 20,000+ 5-star reviews from creators like you

Stop guessing. Start growing.","I know why nobody's watching your YouTube videos. It is not because your content isn't good, it is because you can not hook attention! So let me tell you what you can do about that... Start with a bold question A surprising fact or the exact problem Your video will solve Because if YOU don´T grab them fast they'll never see the rest of what YOU have to say Notice how YOUR still paying attention? Yeah Click on this link To learn how TO DO THIS For YOUR videos",https://vidiq.com/?utm_source=facebook&utm_medium=cpc&utm_campaign={{campaign.name}}&utm_content={{ad.name}},"facebook,instagram,audience_network,messenger,threads",https://app.foreplay.co/discovery?ad=IHD5TfXTzqI4lNDISnPq,IHD5TfXTzqI4lNDISnPq,01_411d_I-know-why-nobody-s-watching-your-YouTub_v1.mp4; 01_411d_I-know-why-nobody-s-watching-your-YouTub_v2.mp4; 01_411d_I-know-why-nobody-s-watching-your-YouTub_v3.mp4,,3
01_vidIQ,vidIQ,2,315,2025-11-05,DCO,LEARN_MORE,,Stop Guessing. Start Growing.,Stop Guessing. Start Growing.,"Tired of posting Youtube videos no one watches?
With vidIQ, creators are finally seeing their content take off 🚀
Join 20M+ YouTubers leveling up today.",,https://vidiq.com/?utm_source=facebook&utm_medium=cpc&utm_campaign={{campaign.name}}&utm_content={{ad.name}},"facebook,instagram,audience_network,messenger,threads",https://app.foreplay.co/discovery?ad=oGlMhO9ZLu2boSedu49E,oGlMhO9ZLu2boSedu49E,02_315d_Stop-Guessing-Start-Growing_v1.png; 02_315d_Stop-Guessing-Start-Growing_v2.png; 02_315d_Stop-Guessing-Start-Growing_v3.png,,3
01_vidIQ,vidIQ,3,315,2025-11-05,DCO,LEARN_MORE,,"Smarter YouTube Tools, On Demand","Smarter YouTube Tools, On Demand","YouTube creators, meet your all-in-one assistant.
Ideas. Optimization. Scripts. Thumbnails.
Get help anytime, anywhere.",,https://vidiq.com/?utm_source=facebook&utm_medium=cpc&utm_campaign={{campaign.name}}&utm_content={{ad.name}},"facebook,instagram,audience_network,messenger,threads",https://app.foreplay.co/discovery?ad=i6yHzqltG9A8Yx0kw0vK,i6yHzqltG9A8Yx0kw0vK,03_315d_Smarter-YouTube-Tools-On-Demand_v1.png; 03_315d_Smarter-YouTube-Tools-On-Demand_v2.png; 03_315d_Smarter-YouTube-Tools-On-Demand_v3.png,,3
01_vidIQ,vidIQ,4,315,2025-11-05,DCO,LEARN_MORE,,Data + Community = YouTube Growth,Data + Community = YouTube Growth,"Struggling with titles, thumbnails, or strategy? vidIQ shows you what works—backed by data, live reviews, and community support.",,https://vidiq.com/?utm_source=facebook&utm_medium=cpc&utm_campaign={{campaign.name}}&utm_content={{ad.name}},"facebook,instagram,audience_network,messenger,threads",https://app.foreplay.co/discovery?ad=gFVBlbO1g1BTaeQ9JUci,gFVBlbO1g1BTaeQ9JUci,04_315d_Data-Community-YouTube-Growth_v1.mp4; 04_315d_Data-Community-YouTube-Growth_v2.mp4; 04_315d_Data-Community-YouTube-Growth_v3.mp4,,3
01_vidIQ,vidIQ,5,315,2025-11-05,DCO,LEARN_MORE,,"I started posting YouTube shorts and my channel exploded. VidIQ's AI Shorts Clipping is the tool to create YouTube shorts Their AI is trained specifically with YouTube content and knows exactly the tactics for retention It lets me just paste My long form video URL And it automatically finds The most viral moments for Me, An with their smart optimizations ,it perfectly frames each clip and formats everything for YouTube Shorts. With zero editing needed, even you can choose the caption style or template that you want! So now every long-form content becomes dozens of pieces across all my platforms This completely changed by output which is crucial for channel growth and modernization Try vidIQ",Create Viral Shorts in 1 Click 🚀,"Upload. Click. Grow.
AI Shorts Clipping finds your best moments instantly. 🚀","I started posting YouTube shorts and my channel exploded. VidIQ's AI Shorts Clipping is the tool to create YouTube shorts Their AI is trained specifically with YouTube content and knows exactly the tactics for retention It lets me just paste My long form video URL And it automatically finds The most viral moments for Me, An with their smart optimizations ,it perfectly frames each clip and formats everything for YouTube Shorts. With zero editing needed, even you can choose the caption style or template that you want! So now every long-form content becomes dozens of pieces across all my platforms This completely changed by output which is crucial for channel growth and modernization Try vidIQ",https://vidiq.com/features/clipping/?utm_source=facebook&utm_medium=cpc&utm_campaign={{campaign.name}}&utm_content={{ad.name}},"facebook,instagram,audience_network,messenger,threads",https://app.foreplay.co/discovery?ad=WHyJgb0p0qkFOZT4nqTC,WHyJgb0p0qkFOZT4nqTC,05_315d_I-started-posting-YouTube-shorts-and-my_v1.mp4; 05_315d_I-started-posting-YouTube-shorts-and-my_v2.mp4; 05_315d_I-started-posting-YouTube-shorts-and-my_v3.mp4,,3
01_vidIQ,vidIQ,6,315,2025-11-05,DCO,LEARN_MORE,,Grow. Monetize. Repeat.,Grow. Monetize. Repeat.,"🚀 Stop guessing. Start growing.
vidIQ shows you what to post, how to optimize, and how to turn views into real income.",,https://vidiq.com/?utm_source=facebook&utm_medium=cpc&utm_campaign={{campaign.name}}&utm_content={{ad.name}},"facebook,instagram,audience_network,messenger,threads",https://app.foreplay.co/discovery?ad=BhTE270D1uUZJ9ZpeRdR,BhTE270D1uUZJ9ZpeRdR,06_315d_Grow-Monetize-Repeat_v1.mp4; 06_315d_Grow-Monetize-Repeat_v2.mp4; 06_315d_Grow-Monetize-Repeat_v3.mp4,,3
01_vidIQ,vidIQ,7,313,2025-11-07,DCO,LEARN_MORE,,Tools + Community = Faster Growth,Tools + Community = Faster Growth,Starting your YouTube journey alone? That’s your first mistake. Join 20M+ creators growing with vidIQ. 🌊,,https://vidiq.com/?utm_source=facebook&utm_medium=cpc&utm_campaign={{campaign.name}}&utm_content={{ad.name}},"facebook,instagram,audience_network,messenger,threads",https://app.foreplay.co/discovery?ad=KqTH4kI3blRpsmHnnKUH,KqTH4kI3blRpsmHnnKUH,07_313d_Tools-Community-Faster-Growth_v1.mp4; 07_313d_Tools-Community-Faster-Growth_v2.mp4; 07_313d_Tools-Community-Faster-Growth_v3.mp4,,3
01_vidIQ,vidIQ,8,312,2025-11-08,VIDEO,LEARN_MORE,29.7,"I decided to take YouTube seriously for 12 months. i started with zero subscribers, ended with 30 thousand! The secret? VidIQ — it's like having a crystal ball for YouTube It showed me exactly which keywords were about to blow up and what my competitors wer doing wrong Thumbnails and scripts done in seconds with AI YouTube isn't guesswork Its data One year later Im on the first trip To create content Try vidiq free And start building your youtube dream",👉 Ready to Make Money on YouTube?,"You’re not getting views because you’re trying to do everything alone. vidIQ helps you with titles, tags, keywords, trends, and strategy so you can stop guessing and start growing. Join 20M+ creators using vidIQ to build their YouTube income.","I decided to take YouTube seriously for 12 months. i started with zero subscribers, ended with 30 thousand! The secret? VidIQ — it's like having a crystal ball for YouTube It showed me exactly which keywords were about to blow up and what my competitors wer doing wrong Thumbnails and scripts done in seconds with AI YouTube isn't guesswork Its data One year later Im on the first trip To create content Try vidiq free And start building your youtube dream",https://vidiq.com/?utm_source=facebook&utm_medium=cpc&utm_campaign={{campaign.name}}&utm_content={{ad.name}},"facebook,instagram,audience_network,messenger",https://app.foreplay.co/discovery?ad=OxZ9vJLUq6kLzVFy510R,OxZ9vJLUq6kLzVFy510R,08_312d_I-decided-to-take-YouTube-seriously-for.mp4,08_312d_I-decided-to-take-YouTube-seriously-for_thumb.jpg,1
01_vidIQ,vidIQ,9,307,2025-11-13,IMAGE,SIGN_UP,,Get Discovered on YouTube 🎥 with vidIQ — Start Today!,Get Discovered on YouTube 🎥 with vidIQ — Start Today!,🌟 vidIQ: AI-powered tools for Youtube Creators,,https://vidiq.com/?utm_source=facebook&utm_medium=cpc&utm_campaign=%7B%7Bcampaign.name%7D%7D&utm_content=%7B%7Bad.name%7D%7D,"facebook,instagram,audience_network,messenger,threads",https://app.foreplay.co/discovery?ad=maTsns6lHkyITGxwt7Lp,maTsns6lHkyITGxwt7Lp,09_307d_Get-Discovered-on-YouTube-with-vidIQ-Sta.png,,1
01_vidIQ,vidIQ,10,307,2025-11-13,DCO,LEARN_MORE,,AI Coach for Your YouTube Channel,AI Coach for Your YouTube Channel,"Views dipping and not sure why? 📉 vidIQ AI Coach reads your channel data, answers your questions, and pinpoints the top fixes for CTR, watch time, and titles. Get clear steps to improve your next upload. Start growing with AI Coach.",,https://vidiq.com/features/ai-youtube-coach/?utm_source=facebook&utm_medium=cpc&utm_campaign={{campaign.name}}&utm_content={{ad.name}},"facebook,instagram,audience_network,messenger,threads",https://app.foreplay.co/discovery?ad=jUPOgiwQZCeFPmu9QQ5E,jUPOgiwQZCeFPmu9QQ5E,10_307d_AI-Coach-for-Your-YouTube-Channel_v1.png; 10_307d_AI-Coach-for-Your-YouTube-Channel_v2.png; 10_307d_AI-Coach-for-Your-YouTube-Channel_v3.png,,3
01_vidIQ,vidIQ,11,306,2025-11-14,DCO,LEARN_MORE,,Your Breakout Video Awaits 🚀,Your Breakout Video Awaits 🚀,"Your breakout video can be today. 🚀
vidIQ gives you the data and insights to grow smarter.",,https://vidiq.com/?utm_source=facebook&utm_medium=cpc&utm_campaign={{campaign.name}}&utm_content={{ad.name}},"facebook,instagram,audience_network,messenger,threads",https://app.foreplay.co/discovery?ad=yzLMyTZ3D4hTVOAckrgq,yzLMyTZ3D4hTVOAckrgq,11_306d_Your-Breakout-Video-Awaits_v1.png; 11_306d_Your-Breakout-Video-Awaits_v2.png; 11_306d_Your-Breakout-Video-Awaits_v3.png,,3
01_vidIQ,vidIQ,12,303,2025-11-17,DCO,LEARN_MORE,,🎥 Keep Viewers Watching Longer,🎥 Keep Viewers Watching Longer,"Want YouTube results like this?
Thousands of creators are finally seeing real growth — here’s how.",,https://vidiq.com/?utm_source=facebook&utm_medium=cpc&utm_campaign={{campaign.name}}&utm_content={{ad.name}},"facebook,instagram,audience_network,messenger,threads",https://app.foreplay.co/discovery?ad=ZhOjIHC68bNfWMJprGX8,ZhOjIHC68bNfWMJprGX8,12_303d_Keep-Viewers-Watching-Longer_v1.png; 12_303d_Keep-Viewers-Watching-Longer_v2.png; 12_303d_Keep-Viewers-Watching-Longer_v3.png,,3
01_vidIQ,vidIQ,13,303,2025-11-17,DCO,LEARN_MORE,,Get a Free Channel Audit,Get a Free Channel Audit,"Ready for a real YouTube glow up? 💡 vidIQ AI Coach learns your channel and niche, runs an instant audit, then gives step by step fixes and next video ideas. Trusted by 20M+ creators. Tap to get a free channel audit.",,https://vidiq.com/features/ai-youtube-coach/?utm_source=facebook&utm_medium=cpc&utm_campaign={{campaign.name}}&utm_content={{ad.name}},"facebook,instagram,audience_network,messenger,threads",https://app.foreplay.co/discovery?ad=JPeVuAHiDQvujRWMfhhR,JPeVuAHiDQvujRWMfhhR,13_303d_Get-a-Free-Channel-Audit_v1.png; 13_303d_Get-a-Free-Channel-Audit_v2.png; 13_303d_Get-a-Free-Channel-Audit_v3.png,,3
01_vidIQ,vidIQ,14,298,2025-11-22,DCO,LEARN_MORE,,"What if I told you about four new updates that would change your growth on YouTube? Deep Thinking is our newest update to AI Coach. It dives deep into your channel data to give you real strategic insights personalized for You ask what's trending, get feedback on Your videos even uncover competitor strategies with one click Our updated thumbnail generator now runs On Google NanobananaAI This means sharper images cleaner details and Yo can keep consistent characters and themes in Your thumbnails without having To retype prompts or start over Keyword research just got upgraded You can now compare multiple keywords, track trends over time and see how fast topics are rising or fading. With this you'll find viral videos before anyone else and you'l avoid irrelevant trends Within our vidIQ browser extension you can now preview thumbnails before your hit publish to get a peek at what your video AND title will look like on the YouTube homepage Plus our new filters tool will analyze thousands of videos filtering video's ON ANY YOUTUBE PAGE by views subs OR growth rate To help as creator stay updated On what trends are taking off If want access all these tools and more, we are currently offering a promo which gives you 25% off forever. Yes! You heard that right all you need to do is tap the link below and you will get it twenty five percent discount for ever ever","25% Off vidIQ, FOREVER","🚨 Black Friday Alert: 25% OFF vidIQ FOREVER.
Turn your YouTube ideas into real growth with better keywords, thumbnails, and data—upgrade now and lock in your lifetime discount before it’s gone.","What if I told you about four new updates that would change your growth on YouTube? Deep Thinking is our newest update to AI Coach. It dives deep into your channel data to give you real strategic insights personalized for You ask what's trending, get feedback on Your videos even uncover competitor strategies with one click Our updated thumbnail generator now runs On Google NanobananaAI This means sharper images cleaner details and Yo can keep consistent characters and themes in Your thumbnails without having To retype prompts or start over Keyword research just got upgraded You can now compare multiple keywords, track trends over time and see how fast topics are rising or fading. With this you'll find viral videos before anyone else and you'l avoid irrelevant trends Within our vidIQ browser extension you can now preview thumbnails before your hit publish to get a peek at what your video AND title will look like on the YouTube homepage Plus our new filters tool will analyze thousands of videos filtering video's ON ANY YOUTUBE PAGE by views subs OR growth rate To help as creator stay updated On what trends are taking off If want access all these tools and more, we are currently offering a promo which gives you 25% off forever. Yes! You heard that right all you need to do is tap the link below and you will get it twenty five percent discount for ever ever",https://vidiq.com/unlock-growth/?utm_source=facebook&utm_medium=cpc&utm_campaign={{campaign.name}}&utm_content={{ad.name}},"facebook,instagram,audience_network,messenger,threads",https://app.foreplay.co/discovery?ad=tkMEWW3qcSIURyluw5Yp,tkMEWW3qcSIURyluw5Yp,14_298d_What-if-I-told-you-about-four-new-update_v1.mp4; 14_298d_What-if-I-told-you-about-four-new-update_v2.mp4; 14_298d_What-if-I-told-you-about-four-new-update_v3.mp4,,3
01_vidIQ,vidIQ,15,298,2025-11-22,DCO,GET_OFFER,,"25% Off vidIQ, FOREVER","25% Off vidIQ, FOREVER","🚨 Black Friday Alert: 25% OFF vidIQ FOREVER.
Turn your YouTube ideas into real growth with better keywords, thumbnails, and data—upgrade now and lock in your lifetime discount before it’s gone.",,https://vidiq.com/unlock-growth/?utm_source=facebook&utm_medium=cpc&utm_campaign={{campaign.name}}&utm_content={{ad.name}},"facebook,instagram,audience_network,messenger,threads",https://app.foreplay.co/discovery?ad=X0F5Pw7WBFWAYSrn049c,X0F5Pw7WBFWAYSrn049c,15_298d_25-Off-vidIQ-FOREVER_v1.png; 15_298d_25-Off-vidIQ-FOREVER_v2.png; 15_298d_25-Off-vidIQ-FOREVER_v3.png,,3
02_OpusClip,OpusClip,1,442,2025-07-01,VIDEO,LEARN_MORE,44.07,"The best podcast software, OpusClip just got more affordable. You give it any long video and it creates 10 short viral clips from that one video drop a YouTube link or actually It takes all kinds of links click get clips and in like A few minutes you have 10 viral videos ready to go gives you score out Of 100 based on how likely the AI thinks is To Go Viral but It doesn't just pick viral moments, it reframes everything for you and does the captions. You can download it or schedule to post later straight to your favorite platform and you can actually export two premier pro now there's a free version that gets me like 25 clips of month but right now YoU cAn GeT 50% Off On ThE yEuRlY pRo PlAiN That'S PrEtTY gOoD",Get 60 Minutes of Free Credits Monthly!,"Try the #1 most popular podcast clipping tool powered by killer AI features:
🚀 Virality Score & AI curation: Our AI picks out clips that are most likely to go viral
🎞 AI B-Roll: Automatically inserts engaging B-Roll footage to spice up your clips
🔆 Speaker Detection: Our AI analyzes moving faces and ensures you + your guest's faces are always center frame
🖼 Dynamic Layouts: Clip automatically switches between full screen, 2-person, 3-person, screenshare, and more as needed
🫢 Filler Word Removal: Removes words like “um”, “uh” and more so your video sounds cleaner 
It doesn’t stop there… Export to vertical, square or landscape, autopost to your social channels, and much more. 

Try it today and get up to 25 free clips every month.","The best podcast software, OpusClip just got more affordable. You give it any long video and it creates 10 short viral clips from that one video drop a YouTube link or actually It takes all kinds of links click get clips and in like A few minutes you have 10 viral videos ready to go gives you score out Of 100 based on how likely the AI thinks is To Go Viral but It doesn't just pick viral moments, it reframes everything for you and does the captions. You can download it or schedule to post later straight to your favorite platform and you can actually export two premier pro now there's a free version that gets me like 25 clips of month but right now YoU cAn GeT 50% Off On ThE yEuRlY pRo PlAiN That'S PrEtTY gOoD",https://www.opus.pro/try-opus-clip,"facebook,instagram,audience_network,messenger",https://app.foreplay.co/discovery?ad=R363NRFqmuRdD2yVzdHv,R363NRFqmuRdD2yVzdHv,01_442d_The-best-podcast-software-OpusClip-just.mp4,01_442d_The-best-podcast-software-OpusClip-just_thumb.jpg,1
02_OpusClip,OpusClip,2,438,2025-07-05,VIDEO,LEARN_MORE,43.8,"Ever wonder how people post so often? They're using Opus Clip. You give it any long video and it creates 10 short viral clips from that one video, drop a YouTube link or actually It takes all kinds of links click get clips And in like A few minutes you have 10 Viral videos ready to go That gives you score out Of 100 based on How likely the AI thinks Is To Go Viral But It doesn't just pick viral moments, it reframes everything for you and does the captions. You can download it or schedule to post later straight to your favorite platform and you can actually export a premiere pro now there's free version that gets like 25 clips of month but right now 50% off on the yearly pro plan That is pretty good",Get Free Clips Every Month,"Try the #1 most popular podcast clipping tool powered by killer AI features:
🚀 Virality Score & AI curation: Our AI picks out clips that are most likely to go viral
🎞 AI B-Roll: Automatically inserts engaging B-Roll footage to spice up your clips
🔆 Speaker Detection: Our AI analyzes moving faces and ensures you + your guest's faces are always center frame
🖼 Dynamic Layouts: Clip automatically switches between full screen, 2-person, 3-person, screenshare, and more as needed
🫢 Filler Word Removal: Removes words like “um”, “uh” and more so your video sounds cleaner 
It doesn’t stop there… Export to vertical, square or landscape, autopost to your social channels, and much more. 

Try it today and get up to 25 free clips every month.","Ever wonder how people post so often? They're using Opus Clip. You give it any long video and it creates 10 short viral clips from that one video, drop a YouTube link or actually It takes all kinds of links click get clips And in like A few minutes you have 10 Viral videos ready to go That gives you score out Of 100 based on How likely the AI thinks Is To Go Viral But It doesn't just pick viral moments, it reframes everything for you and does the captions. You can download it or schedule to post later straight to your favorite platform and you can actually export a premiere pro now there's free version that gets like 25 clips of month but right now 50% off on the yearly pro plan That is pretty good",http://www.opus.pro/try-opus-clip,"facebook,instagram,audience_network",https://app.foreplay.co/discovery?ad=S3AoTqvHHP5QG4GDUPz3,S3AoTqvHHP5QG4GDUPz3,02_438d_Ever-wonder-how-people-post-so-often-The.mp4,02_438d_Ever-wonder-how-people-post-so-often-The_thumb.jpg,1
02_OpusClip,OpusClip,3,362,2025-09-19,VIDEO,LEARN_MORE,54.38,"If you're too lazy to edit clips for your own podcast, it's fine actually. This software does it as we know in 2025 you have To make short clips that just non negotiable but making those shorts Clips is either time consuming or expensive But now We have OpusClip It solves both those problems So OpusClip Is an AI That understands what goes viral Watches your entire podcast In like five minutes And chooses the moments Likely Get the most views Reframes everything For mobile It does auto captions. It even has its own scheduler look, this is 30 clips from one podcast that was made in under 10 minutes This would normally take hours or hundreds of dollars but right now Opus clip is 50% off so $14 and .50 a month to automate your podcast growth it's crazy if you're A Podcaster You're essentially losing money by not having",Get 60 Minutes of Free Credits Monthly!,OpusClip uses AI to turn your video assets into ready-to-post-clips 🎬📈 . Upload a video now and get your first clips free!,"If you're too lazy to edit clips for your own podcast, it's fine actually. This software does it as we know in 2025 you have To make short clips that just non negotiable but making those shorts Clips is either time consuming or expensive But now We have OpusClip It solves both those problems So OpusClip Is an AI That understands what goes viral Watches your entire podcast In like five minutes And chooses the moments Likely Get the most views Reframes everything For mobile It does auto captions. It even has its own scheduler look, this is 30 clips from one podcast that was made in under 10 minutes This would normally take hours or hundreds of dollars but right now Opus clip is 50% off so $14 and .50 a month to automate your podcast growth it's crazy if you're A Podcaster You're essentially losing money by not having",http://www.opus.pro/try-opus-clip,"facebook,instagram,audience_network,messenger,threads",https://app.foreplay.co/discovery?ad=tvujpTzj1TxLFH830Gvj,tvujpTzj1TxLFH830Gvj,03_362d_If-you-re-too-lazy-to-edit-clips-for-you.mp4,03_362d_If-you-re-too-lazy-to-edit-clips-for-you_thumb.jpg,1
02_OpusClip,OpusClip,4,319,2025-11-01,VIDEO,LEARN_MORE,83.24,"The biggest content marketing growth hack is Opus Clip. And right now, the Cyber Month discount is an insane 65% off! Opus's the website that turns long-form videos into viral clips for all your social media platforms Look at this 30 fully edited videos and all I did was drop a link click the button A human editor would need to watch THE FULL 3 HOUR PODCAST just find clips opusclip does it in 5 minutes for pennies look they've been resized vertical there face tracking so its always perfect even if you have four people. The captions are animated in whatever style you want, your logo is added if you want that but that's not the craziest part it'll schedule them to every different platform and write different captions and descriptions for everyone this how You flood the zone If your using a different scheduler That doesn't also make all Your clips Your living In 2024 And Yours spending way too much An T AI Features Don Stop Look at This One Click Removes Filler Words & Pauses Auto Sensor Speech Enhancement A I B Roll AI voiceover, but you're probably going yeah but does it choose good moments? Look at what these marketers are saying. I don't do any extra editing It goes through and does its magic Saving me at least an hour of manual cutting in formatting And OpusClip made is so we Don' have to hate editing anymore Popping into Opus And Im not editing anything If you've ever wondered how brands post So often theyre using opusclp Try for free",Shop Cyber Month,"Black Friday? We made it Cyber Month. It's the best time to try the #1 most popular podcast clipping tool powered by killer AI features:

🚀 Virality Score & AI Curation: Our AI finds the clips most likely to go viral
🎞 AI B-Roll: Automatically adds engaging footage to keep your audience hooked
🔆 Speaker Detection: Keeps you and your guests perfectly framed at all times
🖼 Dynamic Layouts: Automatically switches between full screen, 2-person, 3-person, screenshare, and more
🫢 Filler Word Removal: Instantly removes “um,” “uh,” and other distractions for a clean, professional sound

And that’s just the start. Export in vertical, square, or landscape formats, autopost to your favorite social channels, and let OpusClip do the heavy lifting.","The biggest content marketing growth hack is Opus Clip. And right now, the Cyber Month discount is an insane 65% off! Opus's the website that turns long-form videos into viral clips for all your social media platforms Look at this 30 fully edited videos and all I did was drop a link click the button A human editor would need to watch THE FULL 3 HOUR PODCAST just find clips opusclip does it in 5 minutes for pennies look they've been resized vertical there face tracking so its always perfect even if you have four people. The captions are animated in whatever style you want, your logo is added if you want that but that's not the craziest part it'll schedule them to every different platform and write different captions and descriptions for everyone this how You flood the zone If your using a different scheduler That doesn't also make all Your clips Your living In 2024 And Yours spending way too much An T AI Features Don Stop Look at This One Click Removes Filler Words & Pauses Auto Sensor Speech Enhancement A I B Roll AI voiceover, but you're probably going yeah but does it choose good moments? Look at what these marketers are saying. I don't do any extra editing It goes through and does its magic Saving me at least an hour of manual cutting in formatting And OpusClip made is so we Don' have to hate editing anymore Popping into Opus And Im not editing anything If you've ever wondered how brands post So often theyre using opusclp Try for free",https://www.opus.pro/try-opus-clip/?coupon_code=CYBER_MONTH,"facebook,instagram,audience_network,messenger,threads",https://app.foreplay.co/discovery?ad=9C8PbHMEi6oGluSTr04o,9C8PbHMEi6oGluSTr04o,04_319d_The-biggest-content-marketing-growth-hac.mp4,04_319d_The-biggest-content-marketing-growth-hac_thumb.jpg,1
02_OpusClip,OpusClip,5,315,2025-11-05,DCO,LEARN_MORE,,Shop Cyber Month,Shop Cyber Month,"Black Friday? We made it Cyber Month. It's the best time to try the #1 most popular podcast clipping tool powered by killer AI features:

🚀 Virality Score & AI Curation: Our AI finds the clips most likely to go viral
🎞 AI B-Roll: Automatically adds engaging footage to keep your audience hooked
🔆 Speaker Detection: Keeps you and your guests perfectly framed at all times
🖼 Dynamic Layouts: Automatically switches between full screen, 2-person, 3-person, screenshare, and more
🫢 Filler Word Removal: Instantly removes “um,” “uh,” and other distractions for a clean, professional sound

And that’s just the start. Export in vertical, square, or landscape formats, autopost to your favorite social channels, and let OpusClip do the heavy lifting.",,https://www.opus.pro/try-opus-clip/?coupon_code=CYBER_MONTH,"facebook,instagram,audience_network,messenger,threads",https://app.foreplay.co/discovery?ad=XdS99ONXMhBt0yBmNf1Q,XdS99ONXMhBt0yBmNf1Q,05_315d_Shop-Cyber-Month_v1.png; 05_315d_Shop-Cyber-Month_v2.png; 05_315d_Shop-Cyber-Month_v3.png,,3
02_OpusClip,OpusClip,6,211,2026-02-17,VIDEO,LEARN_MORE,53.35,"POV, your bank account after automating your content with Opus Clip. This guy has a podcast talking about tanks and beer! Look what happened when he started using Opus Clips Views growth ha broken YouTube's numbers It is somewhere north of 1000% growth Opuis clip i 50 percent off right now And creators are loving it I'm able to upload more content more frequently So now have more followers done better on YouTube by using the shorts opius was ableto create These clips ar getting views It's your autonomous video editing agent that actually does the work for you. It does smart clipping, it will do a split screen transcribe and put the captions in it puts to hashtags and descriptions easily enhance video material without having To master A full fledged editing tool Popping into Opus And I'm not editing anything I don't do any extra editing. Opus Clip, it's an absolute must-have!",Get 60 Minutes of Free Credits Monthly!,"Try the #1 most popular video clipping tool powered by killer AI features:
🚀 Virality Score & AI curation: Our AI picks out clips that are most likely to go viral
🎞 AI B-Roll: Automatically inserts engaging B-Roll footage to spice up your clips
🔆 Speaker Detection: Our AI analyzes moving faces and ensures you + your guest's faces are always center frame
🖼 Dynamic Layouts: Clip automatically switches between full screen, 2-person, 3-person, screenshare, and more as needed
🫢 Filler Word Removal: Removes words like “um”, “uh” and more so your video sounds cleaner 
It doesn’t stop there… Export to vertical, square or landscape, autopost to your social channels, and much more. 

Try it today and get up to 25 free clips every month.","POV, your bank account after automating your content with Opus Clip. This guy has a podcast talking about tanks and beer! Look what happened when he started using Opus Clips Views growth ha broken YouTube's numbers It is somewhere north of 1000% growth Opuis clip i 50 percent off right now And creators are loving it I'm able to upload more content more frequently So now have more followers done better on YouTube by using the shorts opius was ableto create These clips ar getting views It's your autonomous video editing agent that actually does the work for you. It does smart clipping, it will do a split screen transcribe and put the captions in it puts to hashtags and descriptions easily enhance video material without having To master A full fledged editing tool Popping into Opus And I'm not editing anything I don't do any extra editing. Opus Clip, it's an absolute must-have!",http://www.opus.pro/try-opus-clip,"facebook,instagram,messenger,threads",https://app.foreplay.co/discovery?ad=sZma3MdaETcmDVSLwL4A,sZma3MdaETcmDVSLwL4A,06_211d_POV-your-bank-account-after-automating-y.mp4,06_211d_POV-your-bank-account-after-automating-y_thumb.jpg,1
02_OpusClip,OpusClip,7,211,2026-02-17,IMAGE,LEARN_MORE,,Get 60 Minutes of Free Credits Monthly!,Get 60 Minutes of Free Credits Monthly!,"Try the #1 most popular podcast clipping tool powered by killer AI features:
🚀 Virality Score & AI curation: Our AI picks out clips that are most likely to go viral
🎞 AI B-Roll: Automatically inserts engaging B-Roll footage to spice up your clips
🔆 Speaker Detection: Our AI analyzes moving faces and ensures you + your guest's faces are always center frame
🖼 Dynamic Layouts: Clip automatically switches between full screen, 2-person, 3-person, screenshare, and more as needed
🫢 Filler Word Removal: Removes words like “um”, “uh” and more so your video sounds cleaner 
It doesn’t stop there… Export to vertical, square or landscape, autopost to your social channels, and much more. 

Try it today and get up to 25 free clips every month.",,https://www.opus.pro/try-opus-clip,"facebook,instagram,messenger,threads",https://app.foreplay.co/discovery?ad=rjzskuOGcUvrDvVD3dX5,rjzskuOGcUvrDvVD3dX5,07_211d_Get-60-Minutes-of-Free-Credits-Monthly.png,,1
02_OpusClip,OpusClip,8,189,2026-03-11,VIDEO,LEARN_MORE,38.909977,"How did you edit before you got to OpusClip? I didn't. Uploaded raw videos To YouTube, uploaded raw videos Opus Clip allowed me tO take my RAW video upload it and boom! 30 second videos have more people reaching out TO ME because of OPUS CLIP production quality really increased a look at the virality score It does B-roll The header captions That's what made Me explode The videas have definitely built trust maximize my reach and catch attention immediately. At the end of the day, Opus Clip is my number one I can make every second count",Get 60 Minutes of Free Credits Monthly!,"Try the #1 most popular video clipping tool powered by killer AI features:
🚀 Virality Score & AI curation: Our AI picks out clips that are most likely to go viral
🎞 AI B-Roll: Automatically inserts engaging B-Roll footage to spice up your clips
🔆 Speaker Detection: Our AI analyzes moving faces and ensures you + your guest's faces are always center frame
🖼 Dynamic Layouts: Clip automatically switches between full screen, 2-person, 3-person, screenshare, and more as needed
🫢 Filler Word Removal: Removes words like “um”, “uh” and more so your video sounds cleaner 
It doesn’t stop there… Export to vertical, square or landscape, autopost to your social channels, and much more. 

Try it today and get up to 25 free clips every month.","How did you edit before you got to OpusClip? I didn't. Uploaded raw videos To YouTube, uploaded raw videos Opus Clip allowed me tO take my RAW video upload it and boom! 30 second videos have more people reaching out TO ME because of OPUS CLIP production quality really increased a look at the virality score It does B-roll The header captions That's what made Me explode The videas have definitely built trust maximize my reach and catch attention immediately. At the end of the day, Opus Clip is my number one I can make every second count",http://www.opus.pro/try-opus-clip,"facebook,instagram,messenger,threads",https://app.foreplay.co/discovery?ad=PwAn3GFiBdJIgkEAFmUa,PwAn3GFiBdJIgkEAFmUa,08_189d_How-did-you-edit-before-you-got-to-OpusC.mp4,08_189d_How-did-you-edit-before-you-got-to-OpusC_thumb.jpg,1
02_OpusClip,OpusClip,9,188,2026-03-12,VIDEO,LEARN_MORE,38.909977,"How did you edit before you got to OpusClip? I didn't. Uploaded raw videos To YouTube, uploaded raw videos Opus Clip allowed me tO take my RAW video upload it and boom! 30 second videos have more people reaching out TO ME because of OPUS CLIP production quality really increased a look at the virality score It does B-roll The header captions That's what made Me explode The videas have definitely built trust maximize my reach and catch attention immediately. At the end of the day, Opus Clip is my number one I can make every second count",Get 60 Minutes of Free Credits Monthly!,"Try the #1 most popular video clipping tool powered by killer AI features:
🚀 Virality Score & AI curation: Our AI picks out clips that are most likely to go viral
🎞 AI B-Roll: Automatically inserts engaging B-Roll footage to spice up your clips
🔆 Speaker Detection: Our AI analyzes moving faces and ensures you + your guest's faces are always center frame
🖼 Dynamic Layouts: Clip automatically switches between full screen, 2-person, 3-person, screenshare, and more as needed
🫢 Filler Word Removal: Removes words like “um”, “uh” and more so your video sounds cleaner 
It doesn’t stop there… Export to vertical, square or landscape, autopost to your social channels, and much more. 

Try it today and get up to 25 free clips every month.","How did you edit before you got to OpusClip? I didn't. Uploaded raw videos To YouTube, uploaded raw videos Opus Clip allowed me tO take my RAW video upload it and boom! 30 second videos have more people reaching out TO ME because of OPUS CLIP production quality really increased a look at the virality score It does B-roll The header captions That's what made Me explode The videas have definitely built trust maximize my reach and catch attention immediately. At the end of the day, Opus Clip is my number one I can make every second count",http://www.opus.pro/try-opus-clip,"facebook,instagram,messenger,threads",https://app.foreplay.co/discovery?ad=6Lqvee4LwrlscZCB9f5e,6Lqvee4LwrlscZCB9f5e,09_188d_How-did-you-edit-before-you-got-to-OpusC.mp4,09_188d_How-did-you-edit-before-you-got-to-OpusC_thumb.jpg,1
02_OpusClip,OpusClip,10,186,2026-03-14,IMAGE,DOWNLOAD,,Get 60 Minutes of Free Credits Monthly!,Get 60 Minutes of Free Credits Monthly!,"Try the #1 most popular video clipping tool powered by killer AI features:
🚀 Virality Score & AI curation: Our AI picks out clips that are most likely to go viral
🎞 AI B-Roll: Automatically inserts engaging B-Roll footage to spice up your clips
🔆 Speaker Detection: Our AI analyzes moving faces and ensures you + your guest's faces are always center frame
🖼 Dynamic Layouts: Clip automatically switches between full screen, 2-person, 3-person, screenshare, and more as needed
🫢 Filler Word Removal: Removes words like “um”, “uh” and more so your video sounds cleaner 
It doesn’t stop there… Export to vertical, square or landscape, autopost to your social channels, and much more. 

Try it today and get up to 25 free clips every month.",,http://itunes.apple.com/app/id6743615403,"facebook,instagram,messenger,threads",https://app.foreplay.co/discovery?ad=jRhqqD7k4J8FU98tgio2,jRhqqD7k4J8FU98tgio2,10_186d_Get-60-Minutes-of-Free-Credits-Monthly.png,,1
02_OpusClip,OpusClip,11,186,2026-03-14,VIDEO,DOWNLOAD,39.49,"Hey, hey looking good my man. What do you do for a living? Thanks man Basically pick up artists as well courses on how to talk the girls for living nice like IRL content You approach chicks and stuff Yeah Got the metal glasses unlock too Okay i see How many girls Do you approach one daily basis As many Yes Like yeah bro Then Go make The coaching videos at home myself And Yo clip all that yourself Low key Yeah Man Try opus Clip What's That Let me just show The AI knows what goes viral so it chooses the best clips, ranks them adds captions and graphics and even posts them to socials. And right now it's only $1450 a month but you can try for free! Opus Clip download Opus Clips from the App Store Try It For Free",Get 60 Minutes of Free Credits Monthly!,"Try the #1 most popular video clipping tool powered by killer AI features:
🚀 Virality Score & AI curation: Our AI picks out clips that are most likely to go viral
🎞 AI B-Roll: Automatically inserts engaging B-Roll footage to spice up your clips
🔆 Speaker Detection: Our AI analyzes moving faces and ensures you + your guest's faces are always center frame
🖼 Dynamic Layouts: Clip automatically switches between full screen, 2-person, 3-person, screenshare, and more as needed
🫢 Filler Word Removal: Removes words like “um”, “uh” and more so your video sounds cleaner 
It doesn’t stop there… Export to vertical, square or landscape, autopost to your social channels, and much more. 

Try it today and get up to 25 free clips every month.","Hey, hey looking good my man. What do you do for a living? Thanks man Basically pick up artists as well courses on how to talk the girls for living nice like IRL content You approach chicks and stuff Yeah Got the metal glasses unlock too Okay i see How many girls Do you approach one daily basis As many Yes Like yeah bro Then Go make The coaching videos at home myself And Yo clip all that yourself Low key Yeah Man Try opus Clip What's That Let me just show The AI knows what goes viral so it chooses the best clips, ranks them adds captions and graphics and even posts them to socials. And right now it's only $1450 a month but you can try for free! Opus Clip download Opus Clips from the App Store Try It For Free",http://itunes.apple.com/app/id6743615403,"facebook,instagram,messenger,threads",https://app.foreplay.co/discovery?ad=fu4azpG1WMPMBiRcJ5rt,fu4azpG1WMPMBiRcJ5rt,11_186d_Hey-hey-looking-good-my-man-What-do-you.mp4,11_186d_Hey-hey-looking-good-my-man-What-do-you_thumb.jpg,1
02_OpusClip,OpusClip,12,186,2026-03-14,VIDEO,DOWNLOAD,35.09,"We're at three and a half million views. Three million of those are probably shorts, and that's because of Opus I'll choose the option to clip anything And i'l let it decide what is thinks Is the best option It grabs everything that you want But what really helped me with Opus Was auto cut Killing all dead space The brand templates That auto import feature Tha will send everything right To YouTube At virality score Those are ones Who seem take off quicker You've really made editing easy If someone tried to take Opus away from you now. I would be lost, i don't know what would do and have to take a day off from work just the big shorts",Get 60 Minutes of Free Credits Monthly!,"Try the #1 most popular video clipping tool powered by killer AI features:
🚀 Virality Score & AI curation: Our AI picks out clips that are most likely to go viral
🎞 AI B-Roll: Automatically inserts engaging B-Roll footage to spice up your clips
🔆 Speaker Detection: Our AI analyzes moving faces and ensures you + your guest's faces are always center frame
🖼 Dynamic Layouts: Clip automatically switches between full screen, 2-person, 3-person, screenshare, and more as needed
🫢 Filler Word Removal: Removes words like “um”, “uh” and more so your video sounds cleaner 
It doesn’t stop there… Export to vertical, square or landscape, autopost to your social channels, and much more. 

Try it today and get up to 25 free clips every month.","We're at three and a half million views. Three million of those are probably shorts, and that's because of Opus I'll choose the option to clip anything And i'l let it decide what is thinks Is the best option It grabs everything that you want But what really helped me with Opus Was auto cut Killing all dead space The brand templates That auto import feature Tha will send everything right To YouTube At virality score Those are ones Who seem take off quicker You've really made editing easy If someone tried to take Opus away from you now. I would be lost, i don't know what would do and have to take a day off from work just the big shorts",http://itunes.apple.com/app/id6743615403,"facebook,instagram,messenger,threads",https://app.foreplay.co/discovery?ad=b6eVS9OophTKmzDdjPq9,b6eVS9OophTKmzDdjPq9,12_186d_We-re-at-three-and-a-half-million-views.mp4,12_186d_We-re-at-three-and-a-half-million-views_thumb.jpg,1
02_OpusClip,OpusClip,13,186,2026-03-14,VIDEO,DOWNLOAD,35.09,"We're at three and a half million views. Three million of those are probably shorts, and that's because of Opus I'll choose the option to clip anything And i'l let it decide what is thinks Is the best option It grabs everything that you want But what really helped me with Opus Was auto cut Killing all dead space The brand templates That auto import feature Tha will send everything right To YouTube At virality score Those are ones Who seem take off quicker You've really made editing easy If someone tried to take Opus away from you now. I would be lost, i don't know what would do and have to take a day off from work just the big shorts",Get 60 Minutes of Free Credits Monthly!,"Try the #1 most popular video clipping tool powered by killer AI features:
🚀 Virality Score & AI curation: Our AI picks out clips that are most likely to go viral
🎞 AI B-Roll: Automatically inserts engaging B-Roll footage to spice up your clips
🔆 Speaker Detection: Our AI analyzes moving faces and ensures you + your guest's faces are always center frame
🖼 Dynamic Layouts: Clip automatically switches between full screen, 2-person, 3-person, screenshare, and more as needed
🫢 Filler Word Removal: Removes words like “um”, “uh” and more so your video sounds cleaner 
It doesn’t stop there… Export to vertical, square or landscape, autopost to your social channels, and much more. 

Try it today and get up to 25 free clips every month.","We're at three and a half million views. Three million of those are probably shorts, and that's because of Opus I'll choose the option to clip anything And i'l let it decide what is thinks Is the best option It grabs everything that you want But what really helped me with Opus Was auto cut Killing all dead space The brand templates That auto import feature Tha will send everything right To YouTube At virality score Those are ones Who seem take off quicker You've really made editing easy If someone tried to take Opus away from you now. I would be lost, i don't know what would do and have to take a day off from work just the big shorts",http://itunes.apple.com/app/id6743615403,"facebook,instagram,messenger,threads",https://app.foreplay.co/discovery?ad=RMtDmLWQshgI01eCcM0m,RMtDmLWQshgI01eCcM0m,13_186d_We-re-at-three-and-a-half-million-views.mp4,13_186d_We-re-at-three-and-a-half-million-views_thumb.jpg,1
02_OpusClip,OpusClip,14,186,2026-03-14,VIDEO,DOWNLOAD,39.49,"Hey, hey looking good my man. What do you do for a living? Thanks man Basically pick up artists as well courses on how to talk the girls for living nice like IRL content You approach chicks and stuff Yeah Got the metal glasses unlock too Okay i see How many girls Do you approach one daily basis As many Yes Like yeah bro Then Go make The coaching videos at home myself And Yo clip all that yourself Low key Yeah Man Try opus Clip What's That Let me just show The AI knows what goes viral so it chooses the best clips, ranks them adds captions and graphics and even posts them to socials. And right now it's only $1450 a month but you can try for free! Opus Clip download Opus Clips from the App Store Try It For Free",Get 60 Minutes of Free Credits Monthly!,"Try the #1 most popular video clipping tool powered by killer AI features:
🚀 Virality Score & AI curation: Our AI picks out clips that are most likely to go viral
🎞 AI B-Roll: Automatically inserts engaging B-Roll footage to spice up your clips
🔆 Speaker Detection: Our AI analyzes moving faces and ensures you + your guest's faces are always center frame
🖼 Dynamic Layouts: Clip automatically switches between full screen, 2-person, 3-person, screenshare, and more as needed
🫢 Filler Word Removal: Removes words like “um”, “uh” and more so your video sounds cleaner 
It doesn’t stop there… Export to vertical, square or landscape, autopost to your social channels, and much more. 

Try it today and get up to 25 free clips every month.","Hey, hey looking good my man. What do you do for a living? Thanks man Basically pick up artists as well courses on how to talk the girls for living nice like IRL content You approach chicks and stuff Yeah Got the metal glasses unlock too Okay i see How many girls Do you approach one daily basis As many Yes Like yeah bro Then Go make The coaching videos at home myself And Yo clip all that yourself Low key Yeah Man Try opus Clip What's That Let me just show The AI knows what goes viral so it chooses the best clips, ranks them adds captions and graphics and even posts them to socials. And right now it's only $1450 a month but you can try for free! Opus Clip download Opus Clips from the App Store Try It For Free",http://itunes.apple.com/app/id6743615403,"facebook,instagram,messenger,threads",https://app.foreplay.co/discovery?ad=Oo4AOeVkLxNUcQJQEcI9,Oo4AOeVkLxNUcQJQEcI9,14_186d_Hey-hey-looking-good-my-man-What-do-you.mp4,14_186d_Hey-hey-looking-good-my-man-What-do-you_thumb.jpg,1
02_OpusClip,OpusClip,15,186,2026-03-14,IMAGE,DOWNLOAD,,Get 60 Minutes of Free Credits Monthly!,Get 60 Minutes of Free Credits Monthly!,"Try the #1 most popular video clipping tool powered by killer AI features:
🚀 Virality Score & AI curation: Our AI picks out clips that are most likely to go viral
🎞 AI B-Roll: Automatically inserts engaging B-Roll footage to spice up your clips
🔆 Speaker Detection: Our AI analyzes moving faces and ensures you + your guest's faces are always center frame
🖼 Dynamic Layouts: Clip automatically switches between full screen, 2-person, 3-person, screenshare, and more as needed
🫢 Filler Word Removal: Removes words like “um”, “uh” and more so your video sounds cleaner 
It doesn’t stop there… Export to vertical, square or landscape, autopost to your social channels, and much more. 

Try it today and get up to 25 free clips every month.",,http://itunes.apple.com/app/id6743615403,"facebook,instagram,messenger,threads",https://app.foreplay.co/discovery?ad=L1ZXsBmNVXQU32H77ebe,L1ZXsBmNVXQU32H77ebe,15_186d_Get-60-Minutes-of-Free-Credits-Monthly.png,,1
03_Skool,Skool,1,434,2025-07-09,VIDEO,LEARN_MORE,30.53,"64,000 per month with a school about dog poop. Yeah seriously these guys teach people how to start their own dog poop removal business using this thing called school 900 members paying $69 dollars A month equals sixty four thousand dollars Inside step-by step training live coaching calls the whole community scooping Poop and stacking money schools full of stories like This chess beekeeping martial arts AI even picking up Poop so what are you passionate about make a school on it! Click the button and get started for free.",🔥 Start your FREE trial NOW,"Got a YouTube channel or following? You should make a skool for that 🔥💸

📹 AI or gaming content? 
🎨 Art tutorials? 
💪 Fitness tips? 
💡 Always teaching or sharing knowledge?

👉 Whatever you create... skool offers the all-in-one no-headache tech to turn your audience into recurring customers.

You build a community. 

Your subscribers and followers join. 

You teach, connect, and grow... all in one place 🌱

👉 No algorithm stress. 

No view pressure. Just real connection.

Try it free for 14 days. 

Sign up here now: https://www.skool.com/signup  

See what happens","64,000 per month with a school about dog poop. Yeah seriously these guys teach people how to start their own dog poop removal business using this thing called school 900 members paying $69 dollars A month equals sixty four thousand dollars Inside step-by step training live coaching calls the whole community scooping Poop and stacking money schools full of stories like This chess beekeeping martial arts AI even picking up Poop so what are you passionate about make a school on it! Click the button and get started for free.",https://www.skool.com/signup,"facebook,instagram,audience_network,messenger,threads",https://app.foreplay.co/discovery?ad=mnsG0nD35Gbc6E6n8pEY,mnsG0nD35Gbc6E6n8pEY,01_434d_64-000-per-month-with-a-school-about-dog.mp4,01_434d_64-000-per-month-with-a-school-about-dog_thumb.jpg,1
03_Skool,Skool,2,430,2025-07-13,VIDEO,LEARN_MORE,35.2,"The ka-ching sound just hit for the 22nd time today. My name's Goose, and I run one of the largest relationship communities on school called Kissify We just crossed over 10k monthly recurring revenue which is unreal absolutely unreal i've always loved being a little bit weird and l love school because everything that ever made you uncool in life makes you really cool on school If you have anything you love, you should start a school for that and watch Your Life Changed Too.",🔥 Start your FREE trial NOW,"Got a YouTube channel or following? You should make a skool for that 🔥💸

📹 AI or gaming content? 
🎨 Art tutorials? 
💪 Fitness tips? 
💡 Always teaching or sharing knowledge?

👉 Whatever you create... skool offers the all-in-one no-headache tech to turn your audience into recurring customers.

You build a community. 

Your subscribers and followers join. 

You teach, connect, and grow... all in one place 🌱

👉 No algorithm stress. 

No view pressure. Just real connection.

Try it free for 14 days. 

Sign up here now: https://www.skool.com/signup  

See what happens","The ka-ching sound just hit for the 22nd time today. My name's Goose, and I run one of the largest relationship communities on school called Kissify We just crossed over 10k monthly recurring revenue which is unreal absolutely unreal i've always loved being a little bit weird and l love school because everything that ever made you uncool in life makes you really cool on school If you have anything you love, you should start a school for that and watch Your Life Changed Too.",https://www.skool.com/signup,"facebook,instagram,audience_network,messenger,threads",https://app.foreplay.co/discovery?ad=iPkVptvtwAnsKvk67egY,iPkVptvtwAnsKvk67egY,02_430d_The-ka-ching-sound-just-hit-for-the-22nd.mp4,02_430d_The-ka-ching-sound-just-hit-for-the-22nd_thumb.jpg,1
03_Skool,Skool,3,426,2025-07-17,VIDEO,LEARN_MORE,43.78,"I highly recommend Skool, it is a platform where you can create your own community and start inviting your people. A group of people who are working towards similar goals or have similar interests and you can just vibe with these people Those ar my PEOPLE! i cAn bE mYsElF ArOuND And...i Can share My Interests & Passions That's why having MY Own Community has been so powerful Troll the conversation around what I want to talk about and things that interest me And if there's people out there who align with that and vibe with that then they can join in Put the link below IU school try free for 14 days, See what it feels like To actually own your community",🔥 Start your FREE trial NOW,"Got a YouTube channel or following? You should make a skool for that 🔥💸

📹 AI or gaming content? 
🎨 Art tutorials? 
💪 Fitness tips? 
💡 Always teaching or sharing knowledge?

👉 Whatever you create... skool offers the all-in-one no-headache tech to turn your audience into recurring customers.

You build a community. 

Your subscribers and followers join. 

You teach, connect, and grow... all in one place 🌱

👉 No algorithm stress. 

No view pressure. Just real connection.

Try it free for 14 days. 

Sign up here now: https://www.skool.com/signup  

See what happens","I highly recommend Skool, it is a platform where you can create your own community and start inviting your people. A group of people who are working towards similar goals or have similar interests and you can just vibe with these people Those ar my PEOPLE! i cAn bE mYsElF ArOuND And...i Can share My Interests & Passions That's why having MY Own Community has been so powerful Troll the conversation around what I want to talk about and things that interest me And if there's people out there who align with that and vibe with that then they can join in Put the link below IU school try free for 14 days, See what it feels like To actually own your community",https://www.skool.com/signup,"facebook,instagram,audience_network,messenger,threads",https://app.foreplay.co/discovery?ad=ZLH4i7YS6PHlfdJja9SY,ZLH4i7YS6PHlfdJja9SY,03_426d_I-highly-recommend-Skool-it-is-a-platfor.mp4,03_426d_I-highly-recommend-Skool-it-is-a-platfor_thumb.jpg,1
03_Skool,Skool,4,421,2025-07-22,IMAGE,LEARN_MORE,,🔥 Start your FREE trial NOW,🔥 Start your FREE trial NOW,"Building your future online with a community is a brilliant idea, and there’s no better place to do it than Skool 🙌

👉 We’re an all-in-one platform that lets you set up your community in minutes 😍

Start with our 14-day FREE trial. Then dive into the Skoolers community, where over 50,000 creators are collaborating and sharing what’s working for them.
People with monthly recurring revenue as high as $300K share openly what they’re doing 🤯

PLUS: You also get full beginner training in the community classroom 🤓

👉 If you’re serious about this, there’s no better way to begin than by joining a community. See how this unique, fun, and sustainable approach to monetizing your passion and growing online really works.

Sign up here now: https://www.skool.com/signup 

Our creators are earning over $1 billion a year 🥰💸

You can be part of it. Join us now, kickstart something new, and get started for FREE today.",,https://www.skool.com/signup,"facebook,instagram,audience_network,messenger,threads",https://app.foreplay.co/discovery?ad=vtGINAbJsTA3QSbHHeQx,vtGINAbJsTA3QSbHHeQx,04_421d_Start-your-FREE-trial-NOW.jpg,,1
03_Skool,Skool,5,416,2025-07-27,VIDEO,LEARN_MORE,57.72,"People ask, what do you do? I make commercials for my phone. Oh! You're up to the bar?! So how did you go from being a UGC creator To making money teaching people how become an UFC creator because at the very start of this show whenever we said $26000 in 30 days that was from your teaching people had exactly so hard about come apart in your life is oh II made A video course and that was My thing The video course Is going well What Was missing was that extra support. I needed a community and i don't like Facebook groups, iHate Facebook and it was like ,I need A different platform so that's when deserve school School is So user friendly sounds Like this Is the platform That Im going to im gonna Build my Community on Yeah .So start idea Start giving free Lifetime access To My School Community School s The one That really Was able tO Make Me Money As Coach",🔥 Start your FREE trial NOW,"Building your future online with a community is a brilliant idea, and there’s no better place to do it than Skool 🙌

👉 We’re an all-in-one platform that lets you set up your community in minutes 😍

Start with our 14-day FREE trial. Then dive into the Skoolers community, where over 50,000 creators are collaborating and sharing what’s working for them.
People with monthly recurring revenue as high as $300K share openly what they’re doing 🤯

PLUS: You also get full beginner training in the community classroom 🤓

👉 If you’re serious about this, there’s no better way to begin than by joining a community. See how this unique, fun, and sustainable approach to monetizing your passion and growing online really works.

Sign up here now: https://www.skool.com/signup 

Our creators are earning over $1 billion a year 🥰💸

You can be part of it. Join us now, kickstart something new, and get started for FREE today.","People ask, what do you do? I make commercials for my phone. Oh! You're up to the bar?! So how did you go from being a UGC creator To making money teaching people how become an UFC creator because at the very start of this show whenever we said $26000 in 30 days that was from your teaching people had exactly so hard about come apart in your life is oh II made A video course and that was My thing The video course Is going well What Was missing was that extra support. I needed a community and i don't like Facebook groups, iHate Facebook and it was like ,I need A different platform so that's when deserve school School is So user friendly sounds Like this Is the platform That Im going to im gonna Build my Community on Yeah .So start idea Start giving free Lifetime access To My School Community School s The one That really Was able tO Make Me Money As Coach",https://www.skool.com/signup,"facebook,instagram,audience_network,messenger,threads",https://app.foreplay.co/discovery?ad=dZGfzAyGxiMX6qdVLxWJ,dZGfzAyGxiMX6qdVLxWJ,05_416d_People-ask-what-do-you-do-I-make-commerc.mp4,05_416d_People-ask-what-do-you-do-I-make-commerc_thumb.jpg,1
03_Skool,Skool,6,411,2025-08-01,VIDEO,LEARN_MORE,24.94,"Rome wasn't built in a day, but my school community was. And that's because it was so easy to get started and I didn' require any kind of course so that why i'm recommending is too because if you did anything like what did means just given the shot an see what happens So don take me word for try for yourself See yourself",🔥 Start your FREE trial NOW,"Building your future online with a community is a brilliant idea, and there’s no better place to do it than Skool 🙌

👉 We’re an all-in-one platform that lets you set up your community in minutes 😍

Start with our 14-day FREE trial. Then dive into the Skoolers community, where over 50,000 creators are collaborating and sharing what’s working for them.
People with monthly recurring revenue as high as $300K share openly what they’re doing 🤯

PLUS: You also get full beginner training in the community classroom 🤓

👉 If you’re serious about this, there’s no better way to begin than by joining a community. See how this unique, fun, and sustainable approach to monetizing your passion and growing online really works.

Sign up here now: https://www.skool.com/signup 

Our creators are earning over $1 billion a year 🥰💸

You can be part of it. Join us now, kickstart something new, and get started for FREE today.","Rome wasn't built in a day, but my school community was. And that's because it was so easy to get started and I didn' require any kind of course so that why i'm recommending is too because if you did anything like what did means just given the shot an see what happens So don take me word for try for yourself See yourself",https://www.skool.com/signup,"facebook,instagram,audience_network,messenger,threads",https://app.foreplay.co/discovery?ad=vd8mRN36X7Pk5j6Mb8tG,vd8mRN36X7Pk5j6Mb8tG,06_411d_Rome-wasn-t-built-in-a-day-but-my-school.mp4,06_411d_Rome-wasn-t-built-in-a-day-but-my-school_thumb.jpg,1
03_Skool,Skool,7,404,2025-08-08,VIDEO,LEARN_MORE,39.1,"So Ryan, six months ago you had never heard of school. Never and now you're a School Games winner You make over how much month on the platform? A lot 40 44 45 thousand Allot And the funniest thing is that you've done all this while living out in The back Of truck That perception has changed on school Right It's it its place where Yo can make money online but its also built around community first When your building something thats purely around money which Ive seen alot off an Im sure allot other people have too Thats completely different vibe Those people are not looking to connect. They're looking to make money, everything they do is based on sales on school it's different",🔥 Start your FREE trial NOW,"Building your future online with a community is a brilliant idea, and there’s no better place to do it than Skool 🙌

👉 We’re an all-in-one platform that lets you set up your community in minutes 😍

Start with our 14-day FREE trial. Then dive into the Skoolers community, where over 50,000 creators are collaborating and sharing what’s working for them.
People with monthly recurring revenue as high as $300K share openly what they’re doing 🤯

PLUS: You also get full beginner training in the community classroom 🤓

👉 If you’re serious about this, there’s no better way to begin than by joining a community. See how this unique, fun, and sustainable approach to monetizing your passion and growing online really works.

Sign up here now: https://www.skool.com/signup 

Our creators are earning over $1 billion a year 🥰💸

You can be part of it. Join us now, kickstart something new, and get started for FREE today.","So Ryan, six months ago you had never heard of school. Never and now you're a School Games winner You make over how much month on the platform? A lot 40 44 45 thousand Allot And the funniest thing is that you've done all this while living out in The back Of truck That perception has changed on school Right It's it its place where Yo can make money online but its also built around community first When your building something thats purely around money which Ive seen alot off an Im sure allot other people have too Thats completely different vibe Those people are not looking to connect. They're looking to make money, everything they do is based on sales on school it's different",https://www.skool.com/signup,"facebook,instagram,audience_network,messenger,threads",https://app.foreplay.co/discovery?ad=voDIRTCdV1mSAb45nFpi,voDIRTCdV1mSAb45nFpi,07_404d_So-Ryan-six-months-ago-you-had-never-hea.mp4,07_404d_So-Ryan-six-months-ago-you-had-never-hea_thumb.jpg,1
03_Skool,Skool,8,388,2025-08-24,VIDEO,LEARN_MORE,29.63,"Some platforms are Jurassic Park. Looks cool, big promises! Then a raptor eats your lunch and the checkout breaks School isn't flashy chaos It's clean simple and actually works Even the big names hang out here because it is not extinct Click the link Your business deserves more than museum exhibits",🔥 Start your FREE trial NOW,"Building your future online with a community is a brilliant idea, and there’s no better place to do it than Skool 🙌

👉 We’re an all-in-one platform that lets you set up your community in minutes 😍

Start with our 14-day FREE trial. Then dive into the Skoolers community, where over 50,000 creators are collaborating and sharing what’s working for them.
People with monthly recurring revenue as high as $300K share openly what they’re doing 🤯

PLUS: You also get full beginner training in the community classroom 🤓

👉 If you’re serious about this, there’s no better way to begin than by joining a community. See how this unique, fun, and sustainable approach to monetizing your passion and growing online really works.

Sign up here now: https://www.skool.com/signup 

Our creators are earning over $1 billion a year 🥰💸

You can be part of it. Join us now, kickstart something new, and get started for FREE today.","Some platforms are Jurassic Park. Looks cool, big promises! Then a raptor eats your lunch and the checkout breaks School isn't flashy chaos It's clean simple and actually works Even the big names hang out here because it is not extinct Click the link Your business deserves more than museum exhibits",https://www.skool.com/signup,"facebook,instagram,audience_network,messenger,threads",https://app.foreplay.co/discovery?ad=3tcpJZZSEnE0i6AuXiBm,3tcpJZZSEnE0i6AuXiBm,08_388d_Some-platforms-are-Jurassic-Park-Looks-c.mp4,08_388d_Some-platforms-are-Jurassic-Park-Looks-c_thumb.jpg,1
03_Skool,Skool,9,385,2025-08-27,VIDEO,LEARN_MORE,58.7,"I'm just driving to the store and i wanted to tell you guys about Skool. Skool is an app where you can create a community And all of the people can join it that You let in It's super fun And,it could be around anything That your interested In The thing that love as mom Is there are lot Of mom communities on skool So I've made friends with moms from Highland, across the country. Like school has made it possible for me to have more friends now than ever have before and i feel like can genuinely be myself so you can start your own community for $9 a month And its so worth It! Have A Community and Have Made So Many Friends That are Interested In The Same Things As Me SO Yeah Start Your Own Community Nine Dollars month click the button below",Get started for FREE 🔥 Unlock the 14-Day Trial,"👉 Join 171.9k community builders collectively earning over $1 billion per year on the Skool platform TODAY.

❤️‍🔥 Our mission: Bring community to over 1 billion people
🤝 Simple setup: Launch your community and start receiving payments in under 90 seconds
💙 Proven funnel: Top creators grow by adding their link in social media bios, under YouTube videos, through our internal discovery feature, or with ads

Start your 14-day free trial now: skool.com/signup

What you get when you sign up:
✅Community software: Your own Skool with community, classroom, calendar, map, and more
✅ Access to Skoolers: A thriving community of creators and entrepreneurs openly sharing what works and supporting each other
✅ Training: Skool 101, Alex Hormozi’s $100M Money Models training, plus weekly updates

Start your 14-day free trial now: skool.com/signup

After your trial, it’s just $9/month for Hobby or $99/month for Premium.","I'm just driving to the store and i wanted to tell you guys about Skool. Skool is an app where you can create a community And all of the people can join it that You let in It's super fun And,it could be around anything That your interested In The thing that love as mom Is there are lot Of mom communities on skool So I've made friends with moms from Highland, across the country. Like school has made it possible for me to have more friends now than ever have before and i feel like can genuinely be myself so you can start your own community for $9 a month And its so worth It! Have A Community and Have Made So Many Friends That are Interested In The Same Things As Me SO Yeah Start Your Own Community Nine Dollars month click the button below",http://skool.com/signup,"facebook,instagram,audience_network,messenger,threads",https://app.foreplay.co/discovery?ad=goqXnU6qDDfLFpRVUgYp,goqXnU6qDDfLFpRVUgYp,09_385d_I-m-just-driving-to-the-store-and-i-want.mp4,09_385d_I-m-just-driving-to-the-store-and-i-want_thumb.jpg,1
03_Skool,Skool,10,371,2025-09-10,VIDEO,LEARN_MORE,31.32,"what would you say to somebody who is considering starting? Where would they start on the school Start with a post, an introduce yourself post so that people can introduce themselves and get the conversation going. And then it can be like one video that just gives value And then you add things as your go I'd say jus starting A lot of people want wait until everything is perfected I built my community, like from the ground up together and it's just something that everyone feels like they've been a part of.",🔥 Start your FREE trial NOW,"Building your future online with a community is a brilliant idea, and there’s no better place to do it than Skool 🙌

👉 We’re an all-in-one platform that lets you set up your community in minutes 😍

Start with our 14-day FREE trial. Then dive into the Skoolers community, where over 50,000 creators are collaborating and sharing what’s working for them.
People with monthly recurring revenue as high as $300K share openly what they’re doing 🤯

PLUS: You also get full beginner training in the community classroom 🤓

👉 If you’re serious about this, there’s no better way to begin than by joining a community. See how this unique, fun, and sustainable approach to monetizing your passion and growing online really works.

Sign up here now: https://www.skool.com/signup 

Our creators are earning over $1 billion a year 🥰💸

You can be part of it. Join us now, kickstart something new, and get started for FREE today.","what would you say to somebody who is considering starting? Where would they start on the school Start with a post, an introduce yourself post so that people can introduce themselves and get the conversation going. And then it can be like one video that just gives value And then you add things as your go I'd say jus starting A lot of people want wait until everything is perfected I built my community, like from the ground up together and it's just something that everyone feels like they've been a part of.",https://www.skool.com/signup,"facebook,instagram,audience_network,messenger,threads",https://app.foreplay.co/discovery?ad=ZYWdsgLChZeGaNng2FOr,ZYWdsgLChZeGaNng2FOr,10_371d_what-would-you-say-to-somebody-who-is-co.mp4,10_371d_what-would-you-say-to-somebody-who-is-co_thumb.jpg,1
03_Skool,Skool,11,370,2025-09-11,VIDEO,LEARN_MORE,29.7,"This is what the fees add up to at different levels. You're making 500 bucks a month, 1 grand 10 grand 100 grand 300 grand and what's interesting too here is I even added in the subscription price because you know WAP an Patreon don't have one they're free but these ones do And Skool still comes lower than all of them actually Imagine making three hundred Grand and giving away 42 grand of that straight to fees.",🔥 Start your FREE trial NOW,"Building your future online with a community is a brilliant idea, and there’s no better place to do it than Skool 🙌

👉 We’re an all-in-one platform that lets you set up your community in minutes 😍

Start with our 14-day FREE trial. Then dive into the Skoolers community, where over 50,000 creators are collaborating and sharing what’s working for them.
People with monthly recurring revenue as high as $300K share openly what they’re doing 🤯

PLUS: You also get full beginner training in the community classroom 🤓

👉 If you’re serious about this, there’s no better way to begin than by joining a community. See how this unique, fun, and sustainable approach to monetizing your passion and growing online really works.

Sign up here now: https://www.skool.com/signup 

Our creators are earning over $1 billion a year 🥰💸

You can be part of it. Join us now, kickstart something new, and get started for FREE today.","This is what the fees add up to at different levels. You're making 500 bucks a month, 1 grand 10 grand 100 grand 300 grand and what's interesting too here is I even added in the subscription price because you know WAP an Patreon don't have one they're free but these ones do And Skool still comes lower than all of them actually Imagine making three hundred Grand and giving away 42 grand of that straight to fees.",https://www.skool.com/signup,"facebook,instagram,audience_network,messenger,threads",https://app.foreplay.co/discovery?ad=WHyE5TxAvt5lTNb0yPG7,WHyE5TxAvt5lTNb0yPG7,11_370d_This-is-what-the-fees-add-up-to-at-diffe.mp4,,1
03_Skool,Skool,12,362,2025-09-19,IMAGE,LEARN_MORE,,Get started for FREE 🔥 Unlock the 14-Day Trial,Get started for FREE 🔥 Unlock the 14-Day Trial,"👉 Join 171.9k community builders collectively earning over $1 billion per year on the Skool platform TODAY.

❤️‍🔥 Our mission: Bring community to over 1 billion people
🤝 Simple setup: Launch your community and start receiving payments in under 90 seconds
💙 Proven funnel: Top creators grow by adding their link in social media bios, under YouTube videos, through our internal discovery feature, or with ads

Start your 14-day free trial now: skool.com/signup

What you get when you sign up:
✅Community software: Your own Skool with community, classroom, calendar, map, and more
✅ Access to Skoolers: A thriving community of creators and entrepreneurs openly sharing what works and supporting each other
✅ Training: Skool 101, Alex Hormozi’s $100M Money Models training, plus weekly updates

Start your 14-day free trial now: skool.com/signup

After your trial, it’s just $9/month for Hobby or $99/month for Premium.",,http://skool.com/signup,"facebook,instagram,audience_network,messenger,threads",https://app.foreplay.co/discovery?ad=WvuamEWGKJ9Y2RwZtzv8,WvuamEWGKJ9Y2RwZtzv8,12_362d_Get-started-for-FREE-Unlock-the-14-Day-T.png,,1
03_Skool,Skool,13,359,2025-09-22,VIDEO,LEARN_MORE,45.52,"Seth, you are a master community builder both online and offline. And you've got these two questions if anyone who start in the school community is really able to wrap their head around could just unlock everything for them? What are those two questions and why they so important ? Yeah well design thinking is super simple but sounds complicated whatever you do that interacts with any other human has only 2 question who's it for what support because he can't be for everyone, there's nothing for everyone. Who exactly are you seeking to serve? To change influence to make a difference work and what is the change you seek commit and acknowledge that that is the purpose of the world.",🔥 Start your FREE trial NOW,"Got something you love? You should make a skool for that!

🎨 Like painting?
🎮 Love games?
🧘‍♀️ Into wellness, fitness, or breathwork?
💡 Always giving advice or sharing ideas?

Whatever you’re into… skool makes it easy to turn your passion into a business.
You make a group.

People join.

You can share, teach, and earn … all in one place 🌱

👉 No tech stress. No pressure. Just passion.

Sign up here now: https://www.skool.com/signup 

Try it free for 14 days. See what happens","Seth, you are a master community builder both online and offline. And you've got these two questions if anyone who start in the school community is really able to wrap their head around could just unlock everything for them? What are those two questions and why they so important ? Yeah well design thinking is super simple but sounds complicated whatever you do that interacts with any other human has only 2 question who's it for what support because he can't be for everyone, there's nothing for everyone. Who exactly are you seeking to serve? To change influence to make a difference work and what is the change you seek commit and acknowledge that that is the purpose of the world.",http://skool.com/signup,"facebook,instagram,audience_network,messenger,threads",https://app.foreplay.co/discovery?ad=WbM1hAzAhe6vH3zTVn9P,WbM1hAzAhe6vH3zTVn9P,13_359d_Seth-you-are-a-master-community-builder.mp4,13_359d_Seth-you-are-a-master-community-builder_thumb.jpg,1
03_Skool,Skool,14,357,2025-09-24,VIDEO,LEARN_MORE,52.62,"We average 30 new members a day joining our community, and it's not from ads. It is not from big social media following Most of our traffic comes from schools organic discovery feature We don't have huge YouTube channel we're posting every day on social media And were definitely Not spending time in the DMs trying to convince people To join We focus on building an incredible community, a place people actually want to show up. That keeps engagement high which helps us rank in the top 30 in our category and that ranking helps us bring steady flow of new members every single day So if you want your ideal members to find you Build A Community Worth Showing Up To Click the link below & signup today for as little $9 per month See You Inside SignUp",🔥 Start your FREE trial NOW,"Building your future online with a community is a brilliant idea, and there’s no better place to do it than Skool 🙌

👉 We’re an all-in-one platform that lets you set up your community in minutes 😍

Start with our 14-day FREE trial. Then dive into the Skoolers community, where over 50,000 creators are collaborating and sharing what’s working for them.
People with monthly recurring revenue as high as $300K share openly what they’re doing 🤯

PLUS: You also get full beginner training in the community classroom 🤓

👉 If you’re serious about this, there’s no better way to begin than by joining a community. See how this unique, fun, and sustainable approach to monetizing your passion and growing online really works.

Sign up here now: https://www.skool.com/signup 

Our creators are earning over $1 billion a year 🥰💸

You can be part of it. Join us now, kickstart something new, and get started for FREE today.","We average 30 new members a day joining our community, and it's not from ads. It is not from big social media following Most of our traffic comes from schools organic discovery feature We don't have huge YouTube channel we're posting every day on social media And were definitely Not spending time in the DMs trying to convince people To join We focus on building an incredible community, a place people actually want to show up. That keeps engagement high which helps us rank in the top 30 in our category and that ranking helps us bring steady flow of new members every single day So if you want your ideal members to find you Build A Community Worth Showing Up To Click the link below & signup today for as little $9 per month See You Inside SignUp",https://www.skool.com/signup,"facebook,instagram,audience_network,messenger,threads",https://app.foreplay.co/discovery?ad=cikRFVpemEx9zdEeNAMg,cikRFVpemEx9zdEeNAMg,14_357d_We-average-30-new-members-a-day-joining.mp4,14_357d_We-average-30-new-members-a-day-joining_thumb.jpg,1
03_Skool,Skool,15,355,2025-09-26,VIDEO,LEARN_MORE,13.82,"So I just saw this post on school and this happens every single day. You log in and your community is just gone, but with school you own your community so no sudden bans no sudden hacks to sign up for a free trial of 14 day trial And then i'll see you on school",🔥 Start your FREE trial NOW,"Plot twist: Many course creators making real money aren't selling courses anymore 🤯

They're building communities on skool ❤️‍🔥

There are 50,000 skool community creators. 
Together, they’re earning over $1 billion a year 💸

Selling once is nice... but building something ongoing changes everything 💪

👉 Build a group. Create consistency. Make it grow.
https://www.skool.com/signup 

Try Skool free for 14 days ✨","So I just saw this post on school and this happens every single day. You log in and your community is just gone, but with school you own your community so no sudden bans no sudden hacks to sign up for a free trial of 14 day trial And then i'll see you on school",https://www.skool.com/signup,"facebook,instagram,audience_network,messenger,threads",https://app.foreplay.co/discovery?ad=bAqQYik4yZlV5wziOUaq,bAqQYik4yZlV5wziOUaq,15_355d_So-I-just-saw-this-post-on-school-and-th.mp4,15_355d_So-I-just-saw-this-post-on-school-and-th_thumb.jpg,1
04_Alex_Hormozi,Alex Hormozi,1,441,2025-07-02,VIDEO,LEARN_MORE,57.31,"I think that one of the biggest mistake entrepreneurs make, myself included when it was earlier on is that i didn't understand the difference between A and B talent. You can pay a talent 30% above market and get 10X the output So ,I can almost promise you That reason your business isn´T growing as fast As you want Is because people who have aren ´ot good at what they think they are One big unlock That had in my career In scaling businesses It learning how to gets Plus Talent One steps To scale up At every single level What does recruiting look like? Whas HR looks like And so right now Your stuck Somebody who's better than The thing that you're stuck at could probably deconstrain the business. One, I want to give you this free gift this is a hundred million dollars getting roadmap it'll tell you where your app and how get unstuck now if You'd like us To personally help The business book A call on the next page And i love Have my team actually meet YoU get Know YOou Get TO know THE BUSINESS AND IF IT MAKES SENSE INVITE YOU OUT OUR HEADQUARTERS WHERE MY WHOLE TEAM CAN LOOK YOUR BUISNEST AND HELP YO U DECONSTRAINT It And ultimately Help Your Growth So thats All",Learn How To Scale Your Business,"We’re hosting a private session at Acquisition.com’s Las Vegas HQ to show entrepreneurs the exact methods we use to scale businesses.

Want to be in the room?

Click below to see if you’re a fit.","I think that one of the biggest mistake entrepreneurs make, myself included when it was earlier on is that i didn't understand the difference between A and B talent. You can pay a talent 30% above market and get 10X the output So ,I can almost promise you That reason your business isn´T growing as fast As you want Is because people who have aren ´ot good at what they think they are One big unlock That had in my career In scaling businesses It learning how to gets Plus Talent One steps To scale up At every single level What does recruiting look like? Whas HR looks like And so right now Your stuck Somebody who's better than The thing that you're stuck at could probably deconstrain the business. One, I want to give you this free gift this is a hundred million dollars getting roadmap it'll tell you where your app and how get unstuck now if You'd like us To personally help The business book A call on the next page And i love Have my team actually meet YoU get Know YOou Get TO know THE BUSINESS AND IF IT MAKES SENSE INVITE YOU OUT OUR HEADQUARTERS WHERE MY WHOLE TEAM CAN LOOK YOUR BUISNEST AND HELP YO U DECONSTRAINT It And ultimately Help Your Growth So thats All",https://www.acquisition.com/vegasthankyou-ws,"facebook,instagram,audience_network,messenger,threads",https://app.foreplay.co/discovery?ad=sBkosTesbdX57XK5N2Fc,sBkosTesbdX57XK5N2Fc,01_441d_I-think-that-one-of-the-biggest-mistake.mp4,01_441d_I-think-that-one-of-the-biggest-mistake_thumb.jpg,1
04_Alex_Hormozi,Alex Hormozi,2,436,2025-07-07,VIDEO,LEARN_MORE,71.66,"So one of the most valuable things that I ever did to grow my businesses is actually get in and the next day is basically all about solving it. And so it's like, okay well if we can figure out that sales isn't trained then you'll meet with my sales director and we would ask them questions for like hey marketing might shoot in as quickly on the paid side or email follow-up Or on content side? You'd need to mee with a person who does tha for us So its most valuable thing I ca do The reason why one gives us content Number two more importantly It introduces companies at different stages of their journey We create dialogue Maybe sometime down road opportunities could happen With that being said, if that sounds at all interesting I'd love to invite you out. If you want that you can book a call one-on one with someone on my team just make sure it's fit which ask questions about the business and make sure we actually help and if he can watch our so without being set click link And in terms of people see here biggest",Live Scaling Workshop at Acquisition.com HQ,"We’re hosting a private session at Acquisition.com’s Las Vegas HQ to show entrepreneurs the exact methods we use to scale businesses.

Want to be in the room?","So one of the most valuable things that I ever did to grow my businesses is actually get in and the next day is basically all about solving it. And so it's like, okay well if we can figure out that sales isn't trained then you'll meet with my sales director and we would ask them questions for like hey marketing might shoot in as quickly on the paid side or email follow-up Or on content side? You'd need to mee with a person who does tha for us So its most valuable thing I ca do The reason why one gives us content Number two more importantly It introduces companies at different stages of their journey We create dialogue Maybe sometime down road opportunities could happen With that being said, if that sounds at all interesting I'd love to invite you out. If you want that you can book a call one-on one with someone on my team just make sure it's fit which ask questions about the business and make sure we actually help and if he can watch our so without being set click link And in terms of people see here biggest",https://www.acquisition.com/vegasthankyou-ws,"facebook,instagram,audience_network,messenger,threads",https://app.foreplay.co/discovery?ad=dlg0ze5hTgvOD9TpAPT6,dlg0ze5hTgvOD9TpAPT6,02_436d_So-one-of-the-most-valuable-things-that.mp4,02_436d_So-one-of-the-most-valuable-things-that_thumb.jpg,1
04_Alex_Hormozi,Alex Hormozi,3,436,2025-07-07,VIDEO,LEARN_MORE,57.31,"I think that one of the biggest mistake entrepreneurs make, myself included when it was earlier on is that i didn't understand the difference between A and B talent. You can pay a talent 30% above market and get 10X the output So ,I can almost promise you That reason your business isn´T growing as fast As you want Is because people who have aren ´ot good at what they think they are One big unlock That had in my career In scaling businesses It learning how to gets Plus Talent One steps To scale up At every single level What does recruiting look like? Whas HR looks like And so right now Your stuck Somebody who's better than The thing that you're stuck at could probably deconstrain the business. One, I want to give you this free gift this is a hundred million dollars getting roadmap it'll tell you where your app and how get unstuck now if You'd like us To personally help The business book A call on the next page And i love Have my team actually meet YoU get Know YOou Get TO know THE BUSINESS AND IF IT MAKES SENSE INVITE YOU OUT OUR HEADQUARTERS WHERE MY WHOLE TEAM CAN LOOK YOUR BUISNEST AND HELP YO U DECONSTRAINT It And ultimately Help Your Growth So thats All",Learn How To Scale Your Business,"We’re hosting a private session at Acquisition.com’s Las Vegas HQ to show entrepreneurs the exact methods we use to scale businesses.

Want to be in the room?

Click below to see if you’re a fit.","I think that one of the biggest mistake entrepreneurs make, myself included when it was earlier on is that i didn't understand the difference between A and B talent. You can pay a talent 30% above market and get 10X the output So ,I can almost promise you That reason your business isn´T growing as fast As you want Is because people who have aren ´ot good at what they think they are One big unlock That had in my career In scaling businesses It learning how to gets Plus Talent One steps To scale up At every single level What does recruiting look like? Whas HR looks like And so right now Your stuck Somebody who's better than The thing that you're stuck at could probably deconstrain the business. One, I want to give you this free gift this is a hundred million dollars getting roadmap it'll tell you where your app and how get unstuck now if You'd like us To personally help The business book A call on the next page And i love Have my team actually meet YoU get Know YOou Get TO know THE BUSINESS AND IF IT MAKES SENSE INVITE YOU OUT OUR HEADQUARTERS WHERE MY WHOLE TEAM CAN LOOK YOUR BUISNEST AND HELP YO U DECONSTRAINT It And ultimately Help Your Growth So thats All",https://www.acquisition.com/vegasthankyou-ws,"facebook,instagram,audience_network,messenger,threads",https://app.foreplay.co/discovery?ad=P3CXyyCP6hPa8Lz6eu7D,P3CXyyCP6hPa8Lz6eu7D,03_436d_I-think-that-one-of-the-biggest-mistake.mp4,03_436d_I-think-that-one-of-the-biggest-mistake_thumb.jpg,1
04_Alex_Hormozi,Alex Hormozi,4,427,2025-07-16,VIDEO,LEARN_MORE,38.8,"The most common thing business owners ask me is what would you do if you were right now? And I wanted to create a way actually answer that question in real way. So, if your right now your businesses stock or it's scaling faster than you know what the next Or maybe even on the downward slope Id love too help If we want and so We hold this monthly Its person at our headquarters In Vegas You meet With full day of strategy Framework Of how To go businesses Second days All tactical Like you actually talking to all the directors that I just mentioned and so if that sounds at all Interesting, you can schedule a one-on one call with my team We'll ask you couple questions about the business Make sure we can help and if it sounds interesting Will invite y'all out. And maybe ill see ya here in Vegas",Learn How To Scale Your Business,"We’re hosting a private session at Acquisition.com’s Las Vegas HQ to show entrepreneurs the exact methods we use to scale businesses.

Want to be in the room?

Click below to see if you’re a fit.","The most common thing business owners ask me is what would you do if you were right now? And I wanted to create a way actually answer that question in real way. So, if your right now your businesses stock or it's scaling faster than you know what the next Or maybe even on the downward slope Id love too help If we want and so We hold this monthly Its person at our headquarters In Vegas You meet With full day of strategy Framework Of how To go businesses Second days All tactical Like you actually talking to all the directors that I just mentioned and so if that sounds at all Interesting, you can schedule a one-on one call with my team We'll ask you couple questions about the business Make sure we can help and if it sounds interesting Will invite y'all out. And maybe ill see ya here in Vegas",https://www.acquisition.com/vegasthankyou-ws,"facebook,instagram,audience_network,messenger,threads",https://app.foreplay.co/discovery?ad=vyYWoDeTNWzB97XIbfNb,vyYWoDeTNWzB97XIbfNb,04_427d_The-most-common-thing-business-owners-as.mp4,04_427d_The-most-common-thing-business-owners-as_thumb.jpg,1
04_Alex_Hormozi,Alex Hormozi,5,426,2025-07-17,VIDEO,LEARN_MORE,34.71,"Real quick. What's your email address because I want to send you a gazillion dollars of free stuff And the way, i'm gonna do it is at the 100 million dollar money models live event It'll be the entrepreneur event in this season and spending multiple millions on even itself many people would charge lots Of money one for event an two for stuff that me giving away live Can't tell you what Is but can tell u thats better than NFT less then bitcoin every single person shows up Live will get one But she got there life so click register computer book if see their life again registration absolutely free It's gonna be awesome. You're not gonna want to miss it",The rumors are true... [Free Live Event],"Business Owners: Real quick question - what's your email address?

The reason I ask is because I want to send you an INSANE invitation to the biggest entrepreneur event of the season.

I'm releasing my $100M Money Models book - 6 years in the making, 2,000+ hours logged. Last time I spent $1 million on my book launch. This year? Way more.

AND I have a secret project I've been working on for 4 years that I've never talked about publicly. I can't tell you what it is... but it's more than an NFT and less than a Bitcoin, and every single person who shows up live gets one FREE.

Click to register for FREE. See you August 16th.","Real quick. What's your email address because I want to send you a gazillion dollars of free stuff And the way, i'm gonna do it is at the 100 million dollar money models live event It'll be the entrepreneur event in this season and spending multiple millions on even itself many people would charge lots Of money one for event an two for stuff that me giving away live Can't tell you what Is but can tell u thats better than NFT less then bitcoin every single person shows up Live will get one But she got there life so click register computer book if see their life again registration absolutely free It's gonna be awesome. You're not gonna want to miss it",http://register.acquisition.com/,"facebook,instagram,audience_network,messenger,threads",https://app.foreplay.co/discovery?ad=Tr6tDEZSc6FDyL50sr9w,Tr6tDEZSc6FDyL50sr9w,05_426d_Real-quick-What-s-your-email-address-bec.mp4,05_426d_Real-quick-What-s-your-email-address-bec_thumb.jpg,1
04_Alex_Hormozi,Alex Hormozi,6,423,2025-07-20,IMAGE,LEARN_MORE,,$100M Money Models Launch Live Aug 16,$100M Money Models Launch Live Aug 16,"Real quick question. What’s your email address?

I want to send you something that could change how you think about business.

Here’s what most entrepreneurs don’t understand about money…

They think the problem is getting more customers.

More traffic.

More leads.

But after building my $250M portfolio, I discovered something different.

The businesses that print money don’t just get more customers.

They have better Money Models.

Money Models are the reason some entrepreneurs struggle to hit $1M while others scale to $100M with the same effort.

It’s the difference between working IN your business and building a machine that works WITHOUT you.

I’ve spent the last six years perfecting these frameworks.

Testing them across multiple industries.

Refining them in my portfolio.

And on August 16th, I’m revealing the entire playbook live.

Not theory. Not fluff.

The exact Money Models that turn the same customers into recurring revenue machines.

Plus, everyone who shows up gets access to something I’ve been building in secret for four years.

Can’t say what it is.

But it’s the missing piece that makes everything else work.

This isn’t for everyone.

This is for entrepreneurs ready to understand how money actually flows in business.

Your move.

August 16th.

Register for the live event now.",,http://register.acquisition.com/,"facebook,instagram,audience_network,messenger,threads",https://app.foreplay.co/discovery?ad=N8s1uIhTqOcEtbcVe7tv,N8s1uIhTqOcEtbcVe7tv,06_423d_100M-Money-Models-Launch-Live-Aug-16.jpg,,1
04_Alex_Hormozi,Alex Hormozi,7,423,2025-07-20,IMAGE,LEARN_MORE,,$100M Money Models Launch Live Aug 16,$100M Money Models Launch Live Aug 16,"Here’s something concerning to think about…

Right now, your competitors might be reading this same message.

Some will scroll past.

But a few will click.

And those few will quietly leave you behind.

Why?

Because they’ll learn what most have been missing.

On August 16th, I’m hosting a live event.

I’m revealing the Money Models that quietly built my $250M portfolio.

These aren’t tactics. They’re profit frameworks.

The same models that:

Multiply revenue without adding more leads
Turn the same buyers into repeat, higher-value customers
Build a business that compounds instead of burns out

And I’m not doing this to sell a book.

Here’s why I’m putting so much into this event…

Because the ones who get these models will see growth that looks effortless.

And the ones who don’t?

They’ll just wonder how they got left behind.

There’s more…

I’ve been building a secret project for 4 years.

Can’t say what it is yet.

But every single person who shows up live gets it, free.

But only if you’re in the room.

Here’s the reality…

If you don’t take action on this, someone else will.

Register for the live event now. Free. August 16th.",,http://register.acquisition.com/,"facebook,instagram,audience_network,messenger,threads",https://app.foreplay.co/discovery?ad=LfnQfiYQ0Fjz1wwoNFF5,LfnQfiYQ0Fjz1wwoNFF5,07_423d_100M-Money-Models-Launch-Live-Aug-16.jpg,,1
04_Alex_Hormozi,Alex Hormozi,8,421,2025-07-22,VIDEO,LEARN_MORE,70.57,"Quick question, what's your email address? And the reason I'm asking is because i want to send you a gazillion dollars of free stuff at my 100 million dollar Money Models launch event. It''s going to be nuts! I've got five mystery speakers that have all confirmed for the event and spending multiple millions on it Because just want blow you away but on top Of tha ,i've gotta special project they been working On for over two years in secret That will revealing live at the launch event itself. And it's better than an NFT, it is less than a Bitcoin and every single person who shows up live gets one including you but you got to be there alive! Now on top of that as if you needed more You'll able pre-order or copy the book one way in I've go four amazing bonuses That come with If choose To Pre Order But IF YOU WAIT UNTIL THE EVENT The bonuses will disappear THE MOMENTS WE GO LIVE So IT YOU WANT THOSE ONE OF BONUSES IS TICKETS TO ANOTHER EVENT An entirely different thing Like the bonuses are absurd and it's mostly to help out my warehouse team, but also because I love you and want you think this is awesome. All right? So besides that click the link its absolutely free register And ill see ya there",I'M FINALLY READY TO REVEAL: $100M Money Models,"Business Owners: Real quick - what's your email?

I want to invite you to the biggest entrepreneur event of the season. $100M Money Models launches August 16th.

6 years in the making. Secret gift for everyone who shows up live.

Register FREE by clicking the link.","Quick question, what's your email address? And the reason I'm asking is because i want to send you a gazillion dollars of free stuff at my 100 million dollar Money Models launch event. It''s going to be nuts! I've got five mystery speakers that have all confirmed for the event and spending multiple millions on it Because just want blow you away but on top Of tha ,i've gotta special project they been working On for over two years in secret That will revealing live at the launch event itself. And it's better than an NFT, it is less than a Bitcoin and every single person who shows up live gets one including you but you got to be there alive! Now on top of that as if you needed more You'll able pre-order or copy the book one way in I've go four amazing bonuses That come with If choose To Pre Order But IF YOU WAIT UNTIL THE EVENT The bonuses will disappear THE MOMENTS WE GO LIVE So IT YOU WANT THOSE ONE OF BONUSES IS TICKETS TO ANOTHER EVENT An entirely different thing Like the bonuses are absurd and it's mostly to help out my warehouse team, but also because I love you and want you think this is awesome. All right? So besides that click the link its absolutely free register And ill see ya there",http://register.acquisition.com/,"facebook,instagram,audience_network,messenger,threads",https://app.foreplay.co/discovery?ad=G4ZNXHIDyJrG6Pux2tUI,G4ZNXHIDyJrG6Pux2tUI,08_421d_Quick-question-what-s-your-email-address.mp4,08_421d_Quick-question-what-s-your-email-address_thumb.jpg,1
04_Alex_Hormozi,Alex Hormozi,9,420,2025-07-23,VIDEO,LEARN_MORE,83.05,"There's four reasons why most business owners can't scale past a million bucks year and beyond. And they think it because they need more leads or they think it because they need to close more sales, and those are kind of true but the main reason is because you cant get more customers just spend money with you faster over again If You Can Do All Four Of Those Things YoU cAnNot SpEnD AnYbOdy In YoUR mArKeTpLacE But YOU GOTTA DO THE RIGHT WAY IN THE RIGH ORDER AT TH E RIGHT TIME Which Is Exactly What I'll Show YO U in The Book AND at 100 Million Dollar Money Models Launch which August 16th Now this stuff is stuff that changed my life and it's taken me many, many years to learn. And I'm going to be showing how we do it after multiple millions of dollars in the event check out this amount Of dollars than us been on the event lots But off top That Got five mystery headliners That have all said They're gonna Be there It can To Great Beyond There Have Been working On a secret project For two Years Then Never Were Talked About And Releasing Live At The Launch Event August Sixteen In So If you Like Well Shoot How much Are This Because the event. They're free! You know, what about the thing that you're gonna be releasing live at the event? That's better than an NFT and less than a Bitcoin also frees one catch...you just got to Be there And so click register for free if you want Yo can grab A copy of The book on T he way in I've got four amazing bonuses If Y ou grab it before Th launch Just helps my warehouse team out But At He moment We do Go Live Those Bonuses Disappear So ff your Gonna Do It Either Way Grab On th W Ay In Click An See There",I'M FINALLY READY TO REVEAL: $100M Money Models,"Business Owners: Real quick - what's your email?

I want to invite you to the biggest entrepreneur event of the season. $100M Money Models launches August 16th.

6 years in the making. Secret gift for everyone who shows up live.

Register FREE by clicking the link.","There's four reasons why most business owners can't scale past a million bucks year and beyond. And they think it because they need more leads or they think it because they need to close more sales, and those are kind of true but the main reason is because you cant get more customers just spend money with you faster over again If You Can Do All Four Of Those Things YoU cAnNot SpEnD AnYbOdy In YoUR mArKeTpLacE But YOU GOTTA DO THE RIGHT WAY IN THE RIGH ORDER AT TH E RIGHT TIME Which Is Exactly What I'll Show YO U in The Book AND at 100 Million Dollar Money Models Launch which August 16th Now this stuff is stuff that changed my life and it's taken me many, many years to learn. And I'm going to be showing how we do it after multiple millions of dollars in the event check out this amount Of dollars than us been on the event lots But off top That Got five mystery headliners That have all said They're gonna Be there It can To Great Beyond There Have Been working On a secret project For two Years Then Never Were Talked About And Releasing Live At The Launch Event August Sixteen In So If you Like Well Shoot How much Are This Because the event. They're free! You know, what about the thing that you're gonna be releasing live at the event? That's better than an NFT and less than a Bitcoin also frees one catch...you just got to Be there And so click register for free if you want Yo can grab A copy of The book on T he way in I've got four amazing bonuses If Y ou grab it before Th launch Just helps my warehouse team out But At He moment We do Go Live Those Bonuses Disappear So ff your Gonna Do It Either Way Grab On th W Ay In Click An See There",http://register.acquisition.com/,"facebook,instagram,audience_network,messenger,threads",https://app.foreplay.co/discovery?ad=rdmxrRLtd6x4iJubf5ws,rdmxrRLtd6x4iJubf5ws,09_420d_There-s-four-reasons-why-most-business-o.mp4,09_420d_There-s-four-reasons-why-most-business-o_thumb.jpg,1
04_Alex_Hormozi,Alex Hormozi,10,414,2025-07-29,VIDEO,LEARN_MORE,46.14,"You might be wondering why I'm shaking a banana in your face, and that is sounds much weirder than i thought it was going to sound. It's because the launch of my next book 100 Million Dollar Money Models Is coming out on Saturday August 16th on this day But its not just gonna come out for any old reason Im actually going to doing live And im gonna give every single person who shows up live Something unbelievable Now can't tell you what thats but cant tell you thats better then an NFT And less then bitcoin So kills me inside no being able tell But what I can promise you is that it will be worth it. Have been working on her for four years and then we give to every single person who's there alive for free, and so if thats sounds awesome and you'd like To check out the book when It comes out click link register Its gonna Be bananas And ill see You",$100M Money Models Launch,"$100M Money Models shows how to get more customers to spend more money with you, in less time, over and over again. 

I've been working on this book since 2019. 

It's the tactics that only the pros know. 

August 16th, I'm walking through the whole system - LIVE. 

Plus I'm giving away a secret project I've been working on for two years. 

Can’t say what it is.

Every single person who shows up live gets one. 

This is going to be absurd. 

Register for my live event now.  

Expect fireworks.","You might be wondering why I'm shaking a banana in your face, and that is sounds much weirder than i thought it was going to sound. It's because the launch of my next book 100 Million Dollar Money Models Is coming out on Saturday August 16th on this day But its not just gonna come out for any old reason Im actually going to doing live And im gonna give every single person who shows up live Something unbelievable Now can't tell you what thats but cant tell you thats better then an NFT And less then bitcoin So kills me inside no being able tell But what I can promise you is that it will be worth it. Have been working on her for four years and then we give to every single person who's there alive for free, and so if thats sounds awesome and you'd like To check out the book when It comes out click link register Its gonna Be bananas And ill see You",http://register.acquisition.com/,"facebook,instagram,audience_network,messenger,threads",https://app.foreplay.co/discovery?ad=sgYP7mtgW3VRebKBF37R,sgYP7mtgW3VRebKBF37R,10_414d_You-might-be-wondering-why-I-m-shaking-a.mp4,10_414d_You-might-be-wondering-why-I-m-shaking-a_thumb.jpg,1
04_Alex_Hormozi,Alex Hormozi,11,414,2025-07-29,VIDEO,LEARN_MORE,70.55,"Well, I started with what would be the coolest event ever and then just worked backwards. So it's like well it'd be free cool It woulda been demonstrating the idea that had taught which was actually takes a huge amount of work But if does tha Um...it has you have stuff people would get for showing up which we have We have headliners That are not rah-rahs They're type people who want to hang out with Yeah all real business some Of them Have some personal level personal brand something don't but To me I'm inviting them because of their business acumen, not their followers. And...I'd make it a big deal! Because at the end of day entrepreneurs don't get shit on most times We get told we're bad people You take all those risks you pay taxes baseball games dance recitals and yet there's entrepreneurs everywhere stressed, they're overwhelmed. They're worried about making payroll about paying rent and I don't think it should be that way."" It's how wanted to make an event by us for us to help solve as many of those problems that possibly can in one day",$100M Money Models Launch,"$100M Money Models shows how to get more customers to spend more money with you, in less time, over and over again. 

I've been working on this book since 2019. 

It's the tactics that only the pros know. 

August 16th, I'm walking through the whole system - LIVE. 

Plus I'm giving away a secret project I've been working on for two years. 

Can’t say what it is.

Every single person who shows up live gets one. 

This is going to be absurd. 

Register for my live event now.  

Expect fireworks.","Well, I started with what would be the coolest event ever and then just worked backwards. So it's like well it'd be free cool It woulda been demonstrating the idea that had taught which was actually takes a huge amount of work But if does tha Um...it has you have stuff people would get for showing up which we have We have headliners That are not rah-rahs They're type people who want to hang out with Yeah all real business some Of them Have some personal level personal brand something don't but To me I'm inviting them because of their business acumen, not their followers. And...I'd make it a big deal! Because at the end of day entrepreneurs don't get shit on most times We get told we're bad people You take all those risks you pay taxes baseball games dance recitals and yet there's entrepreneurs everywhere stressed, they're overwhelmed. They're worried about making payroll about paying rent and I don't think it should be that way."" It's how wanted to make an event by us for us to help solve as many of those problems that possibly can in one day",http://register.acquisition.com/,"facebook,instagram,audience_network,messenger,threads",https://app.foreplay.co/discovery?ad=3UFBZnvlEjSqXGGvBf8O,3UFBZnvlEjSqXGGvBf8O,11_414d_Well-I-started-with-what-would-be-the-co.mp4,11_414d_Well-I-started-with-what-would-be-the-co_thumb.jpg,1
04_Alex_Hormozi,Alex Hormozi,12,407,2025-08-05,VIDEO,LEARN_MORE,42.1,"That's weird. I don't see you on the list for my next book launch i spent millions of dollars on this event got three pieces of good news number one, You're invited Number two It is free And number three We've got a gift for you that will get just Rishon apply and it secret project They have been working On multiple years now Partly reason Delayed the launch So tha every single person Can ge One who shows up live so if your like Well what Is But can say What This Yet but ca tell u That Better than NFT Its less Than Bitcoin Every Single Person Including U Will Get 1 Absolutely free just for showing up. And so if you want the free event and the secret project, you only have to do one thing click the link show their life on August 16th I'll see ya there",$100M Money Models Launch,"$100M Money Models shows how to get more customers to spend more money with you, in less time, over and over again. 

I've been working on this book since 2019. 

It's the tactics that only the pros know. 

August 16th, I'm walking through the whole system - LIVE. 

Plus I'm giving away a secret project I've been working on for two years. 

Can’t say what it is.

Every single person who shows up live gets one. 

This is going to be absurd. 

Register for my live event now.  

Expect fireworks.","That's weird. I don't see you on the list for my next book launch i spent millions of dollars on this event got three pieces of good news number one, You're invited Number two It is free And number three We've got a gift for you that will get just Rishon apply and it secret project They have been working On multiple years now Partly reason Delayed the launch So tha every single person Can ge One who shows up live so if your like Well what Is But can say What This Yet but ca tell u That Better than NFT Its less Than Bitcoin Every Single Person Including U Will Get 1 Absolutely free just for showing up. And so if you want the free event and the secret project, you only have to do one thing click the link show their life on August 16th I'll see ya there",http://register.acquisition.com/,"facebook,instagram,audience_network,messenger,threads",https://app.foreplay.co/discovery?ad=k5wBfgobWprKfBq4BEUE,k5wBfgobWprKfBq4BEUE,12_407d_That-s-weird-I-don-t-see-you-on-the-list.mp4,12_407d_That-s-weird-I-don-t-see-you-on-the-list_thumb.jpg,1
04_Alex_Hormozi,Alex Hormozi,13,406,2025-08-06,VIDEO,LEARN_MORE,41.07,"82%, that's how many businesses fail because of one thing. Cash flow, it is the number one reason businesses go out of business and the only way to stay in business it make sure than thing goes up and its exactly what my $100 Money Models book about on August 16th I'm releasing this live at a virtual event we've got 250 thousand people already registered off And best part tickets are absolutely free Alright if you're busines owner This for you have 5 mystery headliners That all confirmed be there They are all baller We share money models work bests for them That core Best For You And so I've got one secret project we're working on this entire time for most multiple years that'll be giving away for free for everyone who shows up. So just click register and see there",$100M Money Models Launch,"$100M Money Models shows how to get more customers to spend more money with you, in less time, over and over again. 

I've been working on this book since 2019. 

It's the tactics that only the pros know. 

August 16th, I'm walking through the whole system - LIVE. 

Plus I'm giving away a secret project I've been working on for two years. 

Can’t say what it is.

Every single person who shows up live gets one. 

This is going to be absurd. 

Register for my live event now.  

Expect fireworks.","82%, that's how many businesses fail because of one thing. Cash flow, it is the number one reason businesses go out of business and the only way to stay in business it make sure than thing goes up and its exactly what my $100 Money Models book about on August 16th I'm releasing this live at a virtual event we've got 250 thousand people already registered off And best part tickets are absolutely free Alright if you're busines owner This for you have 5 mystery headliners That all confirmed be there They are all baller We share money models work bests for them That core Best For You And so I've got one secret project we're working on this entire time for most multiple years that'll be giving away for free for everyone who shows up. So just click register and see there",http://register.acquisition.com/,"facebook,instagram,audience_network,messenger,threads",https://app.foreplay.co/discovery?ad=WAmoG42RjLX0vBHrmhFw,WAmoG42RjLX0vBHrmhFw,13_406d_82-that-s-how-many-businesses-fail-becau.mp4,13_406d_82-that-s-how-many-businesses-fail-becau_thumb.jpg,1
04_Alex_Hormozi,Alex Hormozi,14,406,2025-08-06,DCO,LEARN_MORE,,IT'S HERE: $100M Money Models,IT'S HERE: $100M Money Models,"Business Owners: The rumors are true...

My next book, $100M Money Models, is finally coming out.

I've spent 6 years on this book. Thousands of hours logged personally. My editor put in 1,500 hours. And we're giving it away for FREE at the live launch.

This will be the entrepreneur event of the season. I'm putting over $3 million into making this unforgettable. Plus, everyone who shows up gets a secret gift I've been working on for years.

It happens August 16th. Click to register FREE and join the party.",,http://register.acquisition.com/,"facebook,instagram,audience_network,messenger,threads",https://app.foreplay.co/discovery?ad=9Pe5gJn65l7oyGfrqyp6,9Pe5gJn65l7oyGfrqyp6,14_406d_IT-S-HERE-100M-Money-Models_v1.jpg; 14_406d_IT-S-HERE-100M-Money-Models_v2.jpg,,2
04_Alex_Hormozi,Alex Hormozi,15,403,2025-08-09,VIDEO,LEARN_MORE,42.52,"I'm going to tell you a secret. i spent over $1 million on this event and ive got three pieces of good news number one, your invited number two it's free and number three ive gotta gift for you that u'll get just for showing up live And so its'a secrete project tha've been working on from multiple years now part the reason delayed the launch is sothat every single person can ge't 1 who shows lives So if your like what well cant say what yet but tell better than NFT less bitcoin every single person, you included will get one absolutely free just for showing up. And so if you want the free event and the secret project You only have to do one thing click The link and show Up there live August 16th I'll see That",The rumors are true... [Free Live Event],"What if just one system could take a business from $5,000 months to $47,000 months?

Hypothetically, you wouldn't need to change the product, market, or advertising.

You'd change how you think about customers.

Before thinking: ""How do I get someone to buy my $5,000 service?"" After thinking: ""How do I help someone so much they never want to work with anyone else?""

Theoretical before system:
* Client pays $5,000
* Gets service
* Relationship ends
* Hope they refer someone

Theoretical after system:
* Client pays $1,000 for assessment
* Loves the value, pays $3,000 for strategy
* Gets great results, pays $5,000 for implementation
* Wants ongoing help, pays $2,000/month for support

Same client. Same problems solved. Potentially more money.

The first system makes $5,000 once. The second system could make $9,000 upfront plus $24,000 annually.

It's not about charging more. It's about helping more.

When you help someone get a small result, they might trust you to help them get a big result. When you help them get a big result, they might trust you to help them maintain that result.

This is exactly what ""$100M Money Models"" explores. How to design systems that could create trust and value over time.

This Saturday August 16th at 12pm EST (9am PST), I'm doing a FREE live event to explore this theoretical system.

You'll learn how businesses might 10x their monthly revenue with the same customers.

Grab your free tickets here: register.acq.com

PS - Preorder a book on the way in and you'll get instantly upgraded to VIP and get 4 amazing free bonuses :)

PPS - Expect fireworks.","I'm going to tell you a secret. i spent over $1 million on this event and ive got three pieces of good news number one, your invited number two it's free and number three ive gotta gift for you that u'll get just for showing up live And so its'a secrete project tha've been working on from multiple years now part the reason delayed the launch is sothat every single person can ge't 1 who shows lives So if your like what well cant say what yet but tell better than NFT less bitcoin every single person, you included will get one absolutely free just for showing up. And so if you want the free event and the secret project You only have to do one thing click The link and show Up there live August 16th I'll see That",https://shop.acquisition.com/pages/register,"facebook,instagram,audience_network,messenger,threads",https://app.foreplay.co/discovery?ad=YmKqfcvx860wUpYBl0TT,YmKqfcvx860wUpYBl0TT,15_403d_I-m-going-to-tell-you-a-secret-i-spent-o.mp4,15_403d_I-m-going-to-tell-you-a-secret-i-spent-o_thumb.jpg,1
05_Canva,Canva,1,497,2025-05-07,DCO,LEARN_MORE,,Unlock creative efficiencies with Canva.,Unlock creative efficiencies with Canva.,Switching to Canva Enterprise was a no-brainer for Movement Gyms – here’s why.,,https://www.canva.com/business/case-studies/movement-climbing-yoga-fitness/,"facebook,instagram,messenger",https://app.foreplay.co/discovery?ad=FJhNF4WqJMND5kKMMSF4,FJhNF4WqJMND5kKMMSF4,01_497d_Unlock-creative-efficiencies-with-Canva_v1.jpg; 01_497d_Unlock-creative-efficiencies-with-Canva_v2.jpg; 01_497d_Unlock-creative-efficiencies-with-Canva_v3.jpg,,3
05_Canva,Canva,2,497,2025-05-07,IMAGE,LEARN_MORE,,Enjoy an all-in-one design solution,Enjoy an all-in-one design solution,"By consolidating multiple design tools into one with Canva, FNRE scales content production across its office network.",,https://www.canva.com/for-teams/case-studies/first-national-real-estate/,"facebook,instagram",https://app.foreplay.co/discovery?ad=0ya4YOSqoGRZCaBRYORy,0ya4YOSqoGRZCaBRYORy,02_497d_Enjoy-an-all-in-one-design-solution.jpg,,1
05_Canva,Canva,3,444,2025-06-29,DCO,LEARN_MORE,,Create with free templates now,Create with free templates now,Elevate your lessons. Find a Canva custom template for any subject or grade level. Sign up for free.,,https://www.canva.com/education/,"facebook,instagram,audience_network,messenger,threads",https://app.foreplay.co/discovery?ad=ajIL2KX2J3Ibqf3n650Y,ajIL2KX2J3Ibqf3n650Y,03_444d_Create-with-free-templates-now_v1.jpg; 03_444d_Create-with-free-templates-now_v2.jpg,,2
05_Canva,Canva,4,440,2025-07-03,DCO,LEARN_MORE,,Better prints start here,Better prints start here,"Your prints, done right every time. Every order comes with our Happiness Guarantee and free delivery.",,https://www.canva.com/print/marketing-materials/,"facebook,instagram,audience_network,messenger,threads",https://app.foreplay.co/discovery?ad=kkP3IzfQfm0iH4VcgsQ9,kkP3IzfQfm0iH4VcgsQ9,04_440d_Better-prints-start-here_v1.jpg; 04_440d_Better-prints-start-here_v2.jpg,,2
05_Canva,Canva,5,440,2025-07-03,DCO,LEARN_MORE,,Try Canva Print,Try Canva Print,Print your vision with Canva and stand out in every detail. 🌟,,https://www.canva.com/print/,"facebook,instagram,audience_network,messenger,threads",https://app.foreplay.co/discovery?ad=Vlc352IARmWYKcOAuqat,Vlc352IARmWYKcOAuqat,05_440d_Try-Canva-Print_v1.jpg; 05_440d_Try-Canva-Print_v2.jpg,,2
05_Canva,Canva,6,439,2025-07-04,DCO,LEARN_MORE,,"Sometimes there are certain meetings that should have just been emails and other times you really do need a place to collaborate. With the Canva Teams account, you can create a whiteboard to streamline all of your meetings so precious time isn't wasted. You can invite your team members to work together in real time, use the timer for maximum productivity and even play music to spice things up during coworking sessions. Once the meeting is over you can transform the whiteboard into an executive summary to send upper management. You can create a detailed project plan for your team, or you could even transform the whiteboard into a presentation. Canva Teams was made for your team, try it for free today.",Try Canva Teams for free,Canva Teams makes remote collaboration a breeze. Here are some helpful tips for brainstorming using Whiteboards 👏 Try it free.,"Sometimes there are certain meetings that should have just been emails and other times you really do need a place to collaborate. With the Canva Teams account, you can create a whiteboard to streamline all of your meetings so precious time isn't wasted. You can invite your team members to work together in real time, use the timer for maximum productivity and even play music to spice things up during coworking sessions. Once the meeting is over you can transform the whiteboard into an executive summary to send upper management. You can create a detailed project plan for your team, or you could even transform the whiteboard into a presentation. Canva Teams was made for your team, try it for free today.",https://www.canva.com/for-teams/,"facebook,instagram,messenger,threads",https://app.foreplay.co/discovery?ad=tolGGwTjN4CDj3p0trV9,tolGGwTjN4CDj3p0trV9,06_439d_Sometimes-there-are-certain-meetings-tha_v1.mp4; 06_439d_Sometimes-there-are-certain-meetings-tha_v2.mp4,,2
05_Canva,Canva,7,439,2025-07-04,DCO,LEARN_MORE,,Try Canva Teams for free,Try Canva Teams for free,"With Canva Teams, you can preset a writing style so everyone can generate on-brand copy. Try Canva Teams for free today.",,https://www.canva.com/for-teams/,"facebook,instagram,messenger,threads",https://app.foreplay.co/discovery?ad=rrFGMNRKPf9NuO9KiiNG,rrFGMNRKPf9NuO9KiiNG,07_439d_Try-Canva-Teams-for-free_v1.mp4; 07_439d_Try-Canva-Teams-for-free_v2.mp4,,2
05_Canva,Canva,8,439,2025-07-04,DCO,LEARN_MORE,,Video editing made simple,Video editing made simple,Show off your brand with videos made on Canva. Start designing for free.,,https://www.canva.com/,"facebook,instagram,messenger,threads",https://app.foreplay.co/discovery?ad=hyqTqgZuQnyvCA2oX0ua,hyqTqgZuQnyvCA2oX0ua,08_439d_Video-editing-made-simple_v1.jpg; 08_439d_Video-editing-made-simple_v2.jpg,,2
05_Canva,Canva,9,439,2025-07-04,DCO,ORDER_NOW,,Print with Canva,Print with Canva,"Bring your ideas to life with Canva. Design and print invites, posters, and more. Enjoy free delivery on all orders.",,https://www.canva.com/print/what-we-print/,"facebook,instagram,audience_network,messenger,threads",https://app.foreplay.co/discovery?ad=Co1CAkR3i7Zkb6AArI0H,Co1CAkR3i7Zkb6AArI0H,09_439d_Print-with-Canva_v1.jpg; 09_439d_Print-with-Canva_v2.jpg,,2
05_Canva,Canva,10,435,2025-07-08,IMAGE,LEARN_MORE,,"Less work, more words","Less work, more words","Create without burnout. Magic Write helps you with content ideation, writing, editing, and more. Try Canva Pro free.",,https://www.canva.com/pro,"facebook,instagram,messenger,threads",https://app.foreplay.co/discovery?ad=acRJZzOVjgYiT2zjq2Fc,acRJZzOVjgYiT2zjq2Fc,10_435d_Less-work-more-words.jpg,,1
05_Canva,Canva,11,434,2025-07-09,DCO,LEARN_MORE,,"Stay on brand, every time.","Stay on brand, every time.","From social posts to presentations, keep your designs on-brand with ease. Try Magic Resize and Brand Kit with Canva Pro.",,https://www.canva.com/pro,"facebook,instagram,messenger,threads",https://app.foreplay.co/discovery?ad=5vbuv8EnYAj0Ln1zXy6P,5vbuv8EnYAj0Ln1zXy6P,11_434d_Stay-on-brand-every-time_v1.jpg; 11_434d_Stay-on-brand-every-time_v2.jpg,,2
05_Canva,Canva,12,433,2025-07-10,IMAGE,LEARN_MORE,,Streamline your workflow with Canva,Streamline your workflow with Canva,"Ray White uses Canva to scale its marketing across 840 offices, while reducing costs.",,https://www.canva.com/for-teams/case-studies/ray-white/,"facebook,instagram",https://app.foreplay.co/discovery?ad=BNkSAOyYLfsknv8nOLTN,BNkSAOyYLfsknv8nOLTN,12_433d_Streamline-your-workflow-with-Canva.jpg,,1
05_Canva,Canva,13,433,2025-07-10,VIDEO,LEARN_MORE,15.02,Try Canva Pro free today,Try Canva Pro free today,"Your brand, everywhere—instantly. Apply your logo, colors, and fonts in one click. Try Canva Pro for free.",,https://www.canva.com/pro,"facebook,instagram,messenger,threads",https://app.foreplay.co/discovery?ad=xq8pkOtQO5wF95woYLDn,xq8pkOtQO5wF95woYLDn,13_433d_Try-Canva-Pro-free-today.mp4,13_433d_Try-Canva-Pro-free-today_thumb.jpg,1
05_Canva,Canva,14,428,2025-07-15,DCO,ORDER_NOW,,Get 15% off Canva Print,Get 15% off Canva Print,"Close deals this summer. Enjoy 15% off real estate flyers, brochures, and more when you spend $50+. Offer ends July 22, 2025.",,http://www.canva.com/print/summer-sale/,"facebook,instagram,audience_network,messenger,threads",https://app.foreplay.co/discovery?ad=L0vQbr3rmNzPA2b8kKtF,L0vQbr3rmNzPA2b8kKtF,14_428d_Get-15-off-Canva-Print_v1.jpg; 14_428d_Get-15-off-Canva-Print_v2.jpg,,2
05_Canva,Canva,15,428,2025-07-15,DCO,ORDER_NOW,15.02,Get 15% off Canva Print,Get 15% off Canva Print,"Design, print, and save on your clinic’s prints. Get 15% off Canva Print products when you spend $50+. Ends July 22, 2025.",,http://www.canva.com/print/summer-sale/,"facebook,instagram,audience_network,messenger,threads",https://app.foreplay.co/discovery?ad=5YqaYWlZjx0LV5dBwrO9,5YqaYWlZjx0LV5dBwrO9,15_428d_Get-15-off-Canva-Print_v1.mp4; 15_428d_Get-15-off-Canva-Print_v2.mp4,,2
05_Canva,Canva,16,420,2025-07-23,VIDEO,LEARN_MORE,38.84,"Canva completely changed the way that we communicate with our sales team. It used to take about a week to create a new battle card and with Canva, we're doing it in about a day and a half. Our sales team, like all sales teams, are time starved. We want them selling, we don't want them reading a dense two page battlecard. So visual content allows us to give them something that is incredibly digestible. They're short, they're impactful, they're distilled down into the essence of what our sales teams need to know. It's really changed the way that we have thought about our entire content pipeline. Canva saved us an undefinable amount of time.",Capture sales attention with visual enablement content,🚀 Sales engagement up by 50%? Here’s Docusign’s secret sauce:,"Canva completely changed the way that we communicate with our sales team. It used to take about a week to create a new battle card and with Canva, we're doing it in about a day and a half. Our sales team, like all sales teams, are time starved. We want them selling, we don't want them reading a dense two page battlecard. So visual content allows us to give them something that is incredibly digestible. They're short, they're impactful, they're distilled down into the essence of what our sales teams need to know. It's really changed the way that we have thought about our entire content pipeline. Canva saved us an undefinable amount of time.",https://www.canva.com/business/case-studies/docusign/,"facebook,instagram,messenger",https://app.foreplay.co/discovery?ad=d8bsYzGKykxOJ3GxY8K9,d8bsYzGKykxOJ3GxY8K9,16_420d_Canva-completely-changed-the-way-that-we.mp4,16_420d_Canva-completely-changed-the-way-that-we_thumb.jpg,1
05_Canva,Canva,17,418,2025-07-25,VIDEO,SIGN_UP,26.52,"Here's how I tidied up my student tracker and skipped the stress from the mess. First, type in Student Tracker and choose a template. Next open your design and customize text and colors. Now add all your students' info, their photos or notes. Use drop downs for details like learning style. Done! That is how you do it. Try Canva Sheets with Canva Education.",Get Canva Education,"Bye, messy papers. Hello, neat Canva Sheets! Track attendance, grades, or data more easily with the power of AI. Try it with Canva Education. 100% free for K-12 teachers and students.","Here's how I tidied up my student tracker and skipped the stress from the mess. First, type in Student Tracker and choose a template. Next open your design and customize text and colors. Now add all your students' info, their photos or notes. Use drop downs for details like learning style. Done! That is how you do it. Try Canva Sheets with Canva Education.",https://www.canva.com/education/back-to-school/,"facebook,instagram,audience_network,messenger,threads",https://app.foreplay.co/discovery?ad=Fb9crOTHRM5y4MG7v6kh,Fb9crOTHRM5y4MG7v6kh,17_418d_Here-s-how-I-tidied-up-my-student-tracke.mp4,17_418d_Here-s-how-I-tidied-up-my-student-tracke_thumb.jpg,1
05_Canva,Canva,18,409,2025-08-03,VIDEO,LEARN_MORE,43.41,"So you've got a great piece of content that you created in Canva. Let's transform it into a ton of other marketing assets in just a few minutes. You've created an in-depth carousel and now we are going to use the resize and Magic Switch tool to transform it into a blog post, an email newsletter, a written LinkedIn post, a video script and an outline for a webinar. Once you've generated new pieces of content it's super easy to tweak. Use the Magic Write tool, apply your brand voice, refine all copy. You can then send it over to your manager for suggestions and editing. And now that it is approved, continue using Canva Teams features to develop the content into something completely new without a ton of extra effort or resources. And if you're new to Canva Teams you can enjoy a free 30 day trial.",Try Canva Teams for free,An expert’s guide to transforming one piece of content into lots of marketing assets with Canva Teams. Try it for free.,"So you've got a great piece of content that you created in Canva. Let's transform it into a ton of other marketing assets in just a few minutes. You've created an in-depth carousel and now we are going to use the resize and Magic Switch tool to transform it into a blog post, an email newsletter, a written LinkedIn post, a video script and an outline for a webinar. Once you've generated new pieces of content it's super easy to tweak. Use the Magic Write tool, apply your brand voice, refine all copy. You can then send it over to your manager for suggestions and editing. And now that it is approved, continue using Canva Teams features to develop the content into something completely new without a ton of extra effort or resources. And if you're new to Canva Teams you can enjoy a free 30 day trial.",https://www.canva.com/for-teams/,"facebook,instagram,messenger,threads",https://app.foreplay.co/discovery?ad=eZtSXUhPWPEi5t7iAp9w,eZtSXUhPWPEi5t7iAp9w,18_409d_So-you-ve-got-a-great-piece-of-content-t.mp4,18_409d_So-you-ve-got-a-great-piece-of-content-t_thumb.jpg,1
05_Canva,Canva,19,406,2025-08-06,VIDEO,LEARN_MORE,20.16,Reach creative heights with Canva.,Reach creative heights with Canva.,Here’s how Movement Gyms scales new heights with Canva Enterprise.,,https://www.canva.com/business/case-studies/movement-climbing-yoga-fitness/,"facebook,instagram,messenger",https://app.foreplay.co/discovery?ad=Jxce1arT9SY1vRBAiC9h,Jxce1arT9SY1vRBAiC9h,19_406d_Reach-creative-heights-with-Canva.mp4,19_406d_Reach-creative-heights-with-Canva_thumb.jpg,1
05_Canva,Canva,20,406,2025-08-06,VIDEO,LEARN_MORE,17.41,"Start designing decks that scream FUNDED! Want quick, easy and pro-level presentations? I got you. Canva has millions of premium templates that will impress everyone.",Over 3 million premium templates,"When your slides look this good, how could they ever say no?","Start designing decks that scream FUNDED! Want quick, easy and pro-level presentations? I got you. Canva has millions of premium templates that will impress everyone.",https://www.canva.com/pro/,"facebook,instagram,messenger,threads",https://app.foreplay.co/discovery?ad=DOeNZHF2XQRVrflnvMmb,DOeNZHF2XQRVrflnvMmb,20_406d_Start-designing-decks-that-scream-FUNDED.mp4,20_406d_Start-designing-decks-that-scream-FUNDED_thumb.jpg,1
05_Canva,Canva,21,393,2025-08-19,VIDEO,LEARN_MORE,14.14,"Uh-oh, turns out the 16 by 9 social post was actually meant to be one by one. That's better! Try Canva's Magic Resize today.",Sign up for a free Canva Pro trial,Brave of you to post without checking the dimensions. Good thing there’s Magic Resize. ✨ Try it on Canva Pro. 😉,"Uh-oh, turns out the 16 by 9 social post was actually meant to be one by one. That's better! Try Canva's Magic Resize today.",http://canva.com/pro,"facebook,instagram,messenger,threads",https://app.foreplay.co/discovery?ad=Nf1uD5x2HcFl5nVHV2g6,Nf1uD5x2HcFl5nVHV2g6,21_393d_Uh-oh-turns-out-the-16-by-9-social-post.mp4,21_393d_Uh-oh-turns-out-the-16-by-9-social-post_thumb.jpg,1
05_Canva,Canva,22,392,2025-08-20,VIDEO,LEARN_MORE,15.12,Upgrade to Pro,Upgrade to Pro,"Need designs in a flash? Create your reels, posters, and more with templates. Try Canva Pro for free.",,https://www.canva.com/pro,"facebook,instagram,messenger,threads",https://app.foreplay.co/discovery?ad=ZMptFyKexHm1JtLmUMPI,ZMptFyKexHm1JtLmUMPI,22_392d_Upgrade-to-Pro.mp4,22_392d_Upgrade-to-Pro_thumb.jpg,1
05_Canva,Canva,23,392,2025-08-20,VIDEO,ORDER_NOW,15.12,Try Canva Print today,Try Canva Print today,"Streamline your business printing. Design, print, and get free delivery with Canva Print.",,https://www.canva.com/print/marketing-materials/,"facebook,instagram,audience_network,messenger,threads",https://app.foreplay.co/discovery?ad=4PqNt6vbDLnQTvoDtDC5,4PqNt6vbDLnQTvoDtDC5,23_392d_Try-Canva-Print-today.mp4,23_392d_Try-Canva-Print-today_thumb.jpg,1
05_Canva,Canva,24,358,2025-09-23,VIDEO,LEARN_MORE,22.87,"You know how life gets a little messy? You go on holiday, take that perfect group pic but then there's that one person you wish you could crop out. Well Canva Pro's background remover does all that for you. One click and poof, problem solved! Honestly Canva Pro isn't just good for cleaning up photos, it is giving me therapy level editing. Get Canva Pro, she is the real MVP.",Try Canva Pro for free,"For @gunclediaries, messy moments call for clean edits. Enter Canva Pro. Try it for free today.","You know how life gets a little messy? You go on holiday, take that perfect group pic but then there's that one person you wish you could crop out. Well Canva Pro's background remover does all that for you. One click and poof, problem solved! Honestly Canva Pro isn't just good for cleaning up photos, it is giving me therapy level editing. Get Canva Pro, she is the real MVP.",https://www.canva.com/pro/background-remover/,"facebook,instagram,messenger,threads",https://app.foreplay.co/discovery?ad=8TJoxN3dAYTzp4VYu7lS,8TJoxN3dAYTzp4VYu7lS,24_358d_You-know-how-life-gets-a-little-messy-Yo.mp4,24_358d_You-know-how-life-gets-a-little-messy-Yo_thumb.jpg,1
05_Canva,Lisa Dot Design,25,351,2025-09-30,VIDEO,LEARN_MORE,17.07,"Enjoy designing for free, starting now. Some things are worth splurging on and then others are better when they're free, like Canva. With access to countless templates, fonts and design tools it's a no-brainer. No trade offs needed here. Jump into Canva today.",,"Coffee? Splurge-worthy ☕️
Canva? Free 🤩

Unlimited templates, fonts & tools - no trade-offs, just creativity 🌈","Enjoy designing for free, starting now. Some things are worth splurging on and then others are better when they're free, like Canva. With access to countless templates, fonts and design tools it's a no-brainer. No trade offs needed here. Jump into Canva today.",https://www.canva.com/pro,"facebook,instagram,messenger,threads",https://app.foreplay.co/discovery?ad=z5Nl5isgPCeRBmxOZ1C5,z5Nl5isgPCeRBmxOZ1C5,25_351d_Enjoy-designing-for-free-starting-now-So.mp4,25_351d_Enjoy-designing-for-free-starting-now-So_thumb.jpg,1
05_Canva,Canva,26,351,2025-09-30,VIDEO,LEARN_MORE,24.51,"Canva has revolutionized our design workflows, which allows us to focus on more strategic projects. I'm Molly Martin and I'm a senior visual designer at Expedia Group. Canva allows us to protect the visual identity of our four unique brands. It has allowed us to scale at a speed I didn't think possible. It feels like Canva saved years off my life.",Scale content creation across the company,"Expedia uses Canva to...
✅ Maintain brand consistency
✅ Streamline & collaborate on projects
✅ Onboard new staff

Learn how they scale content while saving on design hours with Canva Enterprise.","Canva has revolutionized our design workflows, which allows us to focus on more strategic projects. I'm Molly Martin and I'm a senior visual designer at Expedia Group. Canva allows us to protect the visual identity of our four unique brands. It has allowed us to scale at a speed I didn't think possible. It feels like Canva saved years off my life.",https://www.canva.com/case-studies/expedia-group/,"facebook,instagram",https://app.foreplay.co/discovery?ad=bITXHLaSGbdxhQlFDgR4,bITXHLaSGbdxhQlFDgR4,26_351d_Canva-has-revolutionized-our-design-work.mp4,26_351d_Canva-has-revolutionized-our-design-work_thumb.jpg,1
05_Canva,Canva,27,319,2025-11-01,VIDEO,LEARN_MORE,42.07,"Here is exactly how I made this aesthetic lock screen for free using Canva. Once you're in Canva, type in phone wallpaper and then head down to the element section and type in Polaroid frame. There are different frames you can pick from but this one is my favorite. Resize a frame and click the duplicate button. Now you've got the same exact size and shape of frame. Then start laying these all out. Now for the fun part, adding pictures. Hover a photo over the frame you want it to be in, repeat the process for all the other images, watch your wallpaper come to life. Play around with the colour of the background, Canva has so many great colours to pick from. But I actually use the elements tab to search for some paper, Canva has lots of decorative elements to pick from. Click on the three dots in the top right, press set image as background and it's that easy. So why not sign up on Canva for free today and try it out yourself?",Custom phone wallpapers,Boring lock screens? Not on our watch. Canva makes it easy to design wallpaper layouts you’ll love. Start designing for free.,"Here is exactly how I made this aesthetic lock screen for free using Canva. Once you're in Canva, type in phone wallpaper and then head down to the element section and type in Polaroid frame. There are different frames you can pick from but this one is my favorite. Resize a frame and click the duplicate button. Now you've got the same exact size and shape of frame. Then start laying these all out. Now for the fun part, adding pictures. Hover a photo over the frame you want it to be in, repeat the process for all the other images, watch your wallpaper come to life. Play around with the colour of the background, Canva has so many great colours to pick from. But I actually use the elements tab to search for some paper, Canva has lots of decorative elements to pick from. Click on the three dots in the top right, press set image as background and it's that easy. So why not sign up on Canva for free today and try it out yourself?",https://www.canva.com/,"facebook,instagram,messenger",https://app.foreplay.co/discovery?ad=MKu7zBLmIpN3VVNaxtMY,MKu7zBLmIpN3VVNaxtMY,27_319d_Here-is-exactly-how-I-made-this-aestheti.mp4,27_319d_Here-is-exactly-how-I-made-this-aestheti_thumb.jpg,1
05_Canva,Canva,28,303,2025-11-17,VIDEO,LEARN_MORE,41.64,"I get so many questions about how I make these digital scrapbook carousels on Instagram, so I'm gonna show you guys. Start with your background photo and then go to elements and search for polaroid. Go to the frame section and then lay out the polaroid frames wherever you like them best. Then select photos in your digital scrapbook post. Once you're happy with that, this is really where the magic happens. Search for shadows, then line it up with the different polaroids in your design. Adjust layers so that it falls behind the frame. Repeat this for every single one of the elements. If you do one it's a nice effect to do all. And if it looks too harsh, you can always turn down the transparency. This is optional but I always like to add more scrapbooking elements to make it feel like a true digital scrapbook! To find the elements that I have here, just search tape, pen and doodles.",Design seamless carousels,Make every swipe a vibe. Canva helps you design these trendy seamless scrapbook carousels easily. Sign up for free.,"I get so many questions about how I make these digital scrapbook carousels on Instagram, so I'm gonna show you guys. Start with your background photo and then go to elements and search for polaroid. Go to the frame section and then lay out the polaroid frames wherever you like them best. Then select photos in your digital scrapbook post. Once you're happy with that, this is really where the magic happens. Search for shadows, then line it up with the different polaroids in your design. Adjust layers so that it falls behind the frame. Repeat this for every single one of the elements. If you do one it's a nice effect to do all. And if it looks too harsh, you can always turn down the transparency. This is optional but I always like to add more scrapbooking elements to make it feel like a true digital scrapbook! To find the elements that I have here, just search tape, pen and doodles.",https://www.canva.com/,"facebook,instagram,messenger",https://app.foreplay.co/discovery?ad=ejiwveObzjfpy4pN1dNy,ejiwveObzjfpy4pN1dNy,28_303d_I-get-so-many-questions-about-how-I-make.mp4,28_303d_I-get-so-many-questions-about-how-I-make_thumb.jpg,1
05_Canva,Canva,29,292,2025-11-28,VIDEO,LEARN_MORE,12.27,"Canva really allows us to move quickly on a red carpet. Canva saved us an estimated 10 minutes per post, which is three hours a day.",Boost creative output and save time with Canva.,Tribeca saves 16 hours weekly creating content with Canva. Discover more. 🎬,"Canva really allows us to move quickly on a red carpet. Canva saved us an estimated 10 minutes per post, which is three hours a day.",https://www.canva.com/business/case-studies/tribeca-festival,"facebook,instagram,messenger",https://app.foreplay.co/discovery?ad=2z39LTgJSzYy5FVW3u2y,2z39LTgJSzYy5FVW3u2y,29_292d_Canva-really-allows-us-to-move-quickly-o.mp4,29_292d_Canva-really-allows-us-to-move-quickly-o_thumb.jpg,1
06_Adobe_Video,Adobe Video,1,359,2025-09-22,DCO,LEARN_MORE,,Try in Premiere Pro (beta).,Try in Premiere Pro (beta).,"Add frames, lengthen ambient audio, and eliminate awkward cuts with Generative Extend. Now in Premiere Pro (beta).",,https://www.adobe.com/in/products/premiere.html,"facebook,instagram,messenger,threads",https://app.foreplay.co/discovery?ad=yRkqcjBJTl7UaIRt0DF1,yRkqcjBJTl7UaIRt0DF1,01_359d_Try-in-Premiere-Pro-beta_v1.mp4; 01_359d_Try-in-Premiere-Pro-beta_v2.mp4,,2
06_Adobe_Video,Adobe Video,2,359,2025-09-22,DCO,LEARN_MORE,,"Fewer clicks, more control.","Fewer clicks, more control.",Click once and the new Properties panel makes your go-to tools accessible in one easy-to-use interface.,,https://www.adobe.com/in/products/premiere.html,"facebook,instagram,messenger,threads",https://app.foreplay.co/discovery?ad=bZBvEqm0ZIyc66OxLpXp,bZBvEqm0ZIyc66OxLpXp,02_359d_Fewer-clicks-more-control_v1.mp4; 02_359d_Fewer-clicks-more-control_v2.mp4,,2
06_Adobe_Video,Adobe Video,3,356,2025-09-25,VIDEO,LEARN_MORE,15.08,"Fewer clicks, more control.","Fewer clicks, more control.",Click once and the new Properties panel makes your go-to tools accessible in one easy-to-use interface.,,https://www.adobe.com/in/products/premiere.html,"facebook,instagram,messenger,threads",https://app.foreplay.co/discovery?ad=FDh3hwaQ6IENpqRTZzNe,FDh3hwaQ6IENpqRTZzNe,03_356d_Fewer-clicks-more-control.mp4,03_356d_Fewer-clicks-more-control_thumb.jpg,1
06_Adobe_Video,Adobe Video,4,353,2025-09-28,IMAGE,LEARN_MORE,,Try in Premiere Pro (beta).,Try in Premiere Pro (beta).,"Add frames, lengthen ambient audio, and eliminate awkward cuts with Generative Extend. Now in Premiere Pro (beta).",,https://www.adobe.com/in/products/premiere.html,"facebook,instagram,messenger,threads",https://app.foreplay.co/discovery?ad=MYpPynQkDH8H6NkA4kvq,MYpPynQkDH8H6NkA4kvq,04_353d_Try-in-Premiere-Pro-beta.jpg,,1
06_Adobe_Video,Adobe Video,5,349,2025-10-02,VIDEO,LEARN_MORE,30.14,Faster. Smarter. And easier than ever.,Faster. Smarter. And easier than ever.,"See what’s new in Premiere Pro — magically extend your clips, auto-translate captions, find clips fast, and more.",,https://www.adobe.com/in/products/premiere.html,"facebook,instagram,messenger,threads",https://app.foreplay.co/discovery?ad=3OSqVMaoeZodu1i0CYwk,3OSqVMaoeZodu1i0CYwk,05_349d_Faster-Smarter-And-easier-than-ever.mp4,05_349d_Faster-Smarter-And-easier-than-ever_thumb.jpg,1
06_Adobe_Video,Adobe Video,6,346,2025-10-05,VIDEO,LEARN_MORE,,Try in Premiere Pro (beta).,Try in Premiere Pro (beta).,"Add frames, lengthen ambient audio, and eliminate awkward cuts with Generative Extend. Now in Premiere Pro (beta).",,https://www.adobe.com/in/products/premiere.html,"facebook,instagram,messenger,threads",https://app.foreplay.co/discovery?ad=uP7HG3bo5Pf8CAFHpSEv,uP7HG3bo5Pf8CAFHpSEv,06_346d_Try-in-Premiere-Pro-beta.mp4,06_346d_Try-in-Premiere-Pro-beta_thumb.jpg,1
06_Adobe_Video,Adobe Video,7,344,2025-10-07,VIDEO,LEARN_MORE,15.08,"Fewer clicks, more control.","Fewer clicks, more control.",Click once and the new Properties panel makes your go-to tools accessible in one easy-to-use interface.,,https://www.adobe.com/in/products/premiere.html,"facebook,instagram,messenger,threads",https://app.foreplay.co/discovery?ad=yuxByXs9I8PasSwYJoro,yuxByXs9I8PasSwYJoro,07_344d_Fewer-clicks-more-control.mp4,07_344d_Fewer-clicks-more-control_thumb.jpg,1
06_Adobe_Video,Adobe Video,8,344,2025-10-07,IMAGE,LEARN_MORE,,Find your go-to tools fast.,Find your go-to tools fast.,Click once and the new Properties panel makes your go-to tools accessible in one easy-to-use interface.,,https://www.adobe.com/in/products/premiere.html,"facebook,instagram,messenger,threads",https://app.foreplay.co/discovery?ad=FzMUF2C343aZAq2LTGuL,FzMUF2C343aZAq2LTGuL,08_344d_Find-your-go-to-tools-fast.jpg,,1
06_Adobe_Video,Adobe Video,9,343,2025-10-08,VIDEO,LEARN_MORE,15.08,Find your go-to tools fast.,Find your go-to tools fast.,Click once and the new Properties panel makes your go-to tools accessible in one easy-to-use interface.,,https://www.adobe.com/in/products/premiere.html,"facebook,instagram,messenger,threads",https://app.foreplay.co/discovery?ad=sgQPQavsTPlRbVjo1LuS,sgQPQavsTPlRbVjo1LuS,09_343d_Find-your-go-to-tools-fast.mp4,09_343d_Find-your-go-to-tools-fast_thumb.jpg,1
06_Adobe_Video,Adobe Video,10,336,2025-10-15,VIDEO,LEARN_MORE,30.14,Faster. Smarter. And easier than ever.,Faster. Smarter. And easier than ever.,"See what’s new in Premiere Pro — magically extend your clips, auto-translate captions, find clips fast, and more.",,https://www.adobe.com/in/products/premiere.html,"facebook,instagram,messenger,threads",https://app.foreplay.co/discovery?ad=7FPsTXzKbRHhmuXczDB5,7FPsTXzKbRHhmuXczDB5,10_336d_Faster-Smarter-And-easier-than-ever.mp4,10_336d_Faster-Smarter-And-easier-than-ever_thumb.jpg,1
06_Adobe_Video,Adobe Video,11,323,2025-10-28,VIDEO,LEARN_MORE,15.12,Try in Premiere Pro (beta).,Try in Premiere Pro (beta).,"Add frames, lengthen ambient audio, and eliminate awkward cuts with Generative Extend. Now in Premiere Pro (beta).",,https://www.adobe.com/in/products/premiere.html,"facebook,instagram,messenger,threads",https://app.foreplay.co/discovery?ad=LmmLRUEqHVI2vBfhDOZd,LmmLRUEqHVI2vBfhDOZd,11_323d_Try-in-Premiere-Pro-beta.mp4,11_323d_Try-in-Premiere-Pro-beta_thumb.jpg,1
06_Adobe_Video,Adobe Video,12,314,2025-11-06,DCO,LEARN_MORE,,您的故事，快照呈現,您的故事，快照呈現,像影片創作者 Celina Bhandari 一樣拍攝最喜歡的時刻，並分享作品。開始使用 Adobe Premiere Pro。,,https://www.adobe.com/tw/products/premiere.html,"facebook,instagram,messenger,threads",https://app.foreplay.co/discovery?ad=NuLcskhEEFBsl2qrkrO2,NuLcskhEEFBsl2qrkrO2,12_314d_ad_v1.jpg; 12_314d_ad_v2.jpg; 12_314d_ad_v3.jpg,,3
06_Adobe_Video,Adobe Video,13,314,2025-11-06,DCO,LEARN_MORE,,您的故事，快照呈現,您的故事，快照呈現,像影片創作者 Celina Bhandari 一樣拍攝最喜歡的時刻，並分享作品。開始使用 Adobe Premiere Pro。,,https://www.adobe.com/tw/products/premiere.html,"facebook,instagram,messenger,threads",https://app.foreplay.co/discovery?ad=I052x9ysABkI8jKh9jYK,I052x9ysABkI8jKh9jYK,13_314d_ad_v1.jpg; 13_314d_ad_v2.jpg; 13_314d_ad_v3.jpg,,3
06_Adobe_Video,Adobe Video,14,278,2025-12-12,DCO,LEARN_MORE,,Try Premiere Pro for free.,Try Premiere Pro for free.,Switch between crops without losing your subject — with Adobe Premiere Pro.,,https://www.adobe.com/uk/products/premiere.html,"facebook,instagram,messenger,threads",https://app.foreplay.co/discovery?ad=5T1eF64E0NpcfMivJ8Z1,5T1eF64E0NpcfMivJ8Z1,14_278d_Try-Premiere-Pro-for-free_v1.mp4; 14_278d_Try-Premiere-Pro-for-free_v2.mp4; 14_278d_Try-Premiere-Pro-for-free_v3.mp4,,3
06_Adobe_Video,Adobe Video,15,254,2026-01-05,IMAGE,LEARN_MORE,,"Make focused edits, fast.","Make focused edits, fast.","Shape masks now keep up with your creativity, tracking up to 20x faster in Premiere (beta).",,https://www.adobe.com/africa/products/premiere.html?sdid=JZBJVTRS&mv=social&mv2=paidsoc,"facebook,instagram,messenger,threads",https://app.foreplay.co/discovery?ad=RzXR9H2ucO9fuJvbAtcN,RzXR9H2ucO9fuJvbAtcN,15_254d_Make-focused-edits-fast.png,,1
07_Adobe,Adobe,1,520,2025-04-14,DCO,GET_OFFER,8.0,Tüm Uygulamalar indirimi.,Tüm Uygulamalar indirimi.,20'yi aşkın yaratıcılık uygulamasını daha ucuza keşfederek hayal gücünüzü serbest bırakın.,,https://www.adobe.com/tr/creativecloud/buy/students.html,"facebook,instagram,messenger",https://app.foreplay.co/discovery?ad=y8bBlyqIdTakj72eL4dH,y8bBlyqIdTakj72eL4dH,01_520d_T-m-Uygulamalar-indirimi_v1.mp4; 01_520d_T-m-Uygulamalar-indirimi_v2.mp4; 01_520d_T-m-Uygulamalar-indirimi_v3.mp4; 01_520d_T-m-Uygulamalar-indirimi_v4.mp4; 01_520d_T-m-Uygulamalar-indirimi_v5.mp4,,5
07_Adobe,Adobe,2,453,2025-06-20,DCO,LEARN_MORE,,Generate in breathtaking detail.,Generate in breathtaking detail.,"Build detailed images of people, wildlife, and eye-catching environments using Image Model 4. Fine-tune faster than ever.",,https://www.adobe.com/products/firefly/landpa.html?sdid=2FDNC7Z9&mv=social&mv2=paidsoc&ad_id={{ad.id}}&adset_id={{adset.id}}&campaign_id={{campaign.id}},"facebook,instagram,messenger,threads",https://app.foreplay.co/discovery?ad=j2EyC4uI2WlnxK8zhgXT,j2EyC4uI2WlnxK8zhgXT,02_453d_Generate-in-breathtaking-detail_v1.jpg; 02_453d_Generate-in-breathtaking-detail_v2.jpg; 02_453d_Generate-in-breathtaking-detail_v3.jpg,,3
07_Adobe,Adobe,3,434,2025-07-09,DCO,LEARN_MORE,,A 30-day free trial awaits.,A 30-day free trial awaits.,"Have a video you love and want something similar? Find one with similar color, content, or composition.",,https://stock.adobe.com/au/promo/firstmonthfree25,"facebook,instagram,messenger",https://app.foreplay.co/discovery?ad=tDYe2tNfL6N1fyqplk6B,tDYe2tNfL6N1fyqplk6B,03_434d_A-30-day-free-trial-awaits_v1.jpg; 03_434d_A-30-day-free-trial-awaits_v2.jpg; 03_434d_A-30-day-free-trial-awaits_v3.jpg,,3
07_Adobe,Adobe,4,434,2025-07-09,DCO,LEARN_MORE,,30일간 무료로 체험하세요.,30일간 무료로 체험하세요.,Adobe Stock 필터를 사용하면 원하는 영상을 더욱 간편하게 찾을 수 있습니다.,,https://stock.adobe.com/kr/promo/firstmonthfree25,"facebook,instagram,messenger",https://app.foreplay.co/discovery?ad=ARdtdktTqRgMpvpdRAUe,ARdtdktTqRgMpvpdRAUe,04_434d_30_v1.jpg; 04_434d_30_v2.jpg; 04_434d_30_v3.jpg,,3
07_Adobe,Adobe,5,433,2025-07-10,IMAGE,SHOP_NOW,,All-in-one PDF tool,All-in-one PDF tool,Businesses improve productivity with Adobe Acrobat. Get PDF solutions for teams and organisations today.,,https://www.adobe.com/au/acrobat/free-trial-download.html,"facebook,instagram,messenger",https://app.foreplay.co/discovery?ad=vp84iwl0OdQiUxX2xC6q,vp84iwl0OdQiUxX2xC6q,05_433d_All-in-one-PDF-tool.jpg,,1
07_Adobe,Adobe,6,419,2025-07-24,DCO,LEARN_MORE,30.02,"with over 500,000 videos added monthly. Nothing's too niche to find at Adobe Stock! A trending Dancing Bear video? Check a retro intro video template looks rad How about song you can't help but tap your foot to Got it Get millions of constantly-added video templates footage music and more Your creativity is always fresh and so is our library Explore more at stock.adobe",Always-fresh video library.,"Craving new videos for your projects? Get millions of constantly added video templates, footage, music, and more await.","with over 500,000 videos added monthly. Nothing's too niche to find at Adobe Stock! A trending Dancing Bear video? Check a retro intro video template looks rad How about song you can't help but tap your foot to Got it Get millions of constantly-added video templates footage music and more Your creativity is always fresh and so is our library Explore more at stock.adobe",https://stock.adobe.com/uk/royalty-free/video,"facebook,instagram,audience_network,messenger,threads",https://app.foreplay.co/discovery?ad=pMvxoDfX8kMaJiCO14De,pMvxoDfX8kMaJiCO14De,06_419d_with-over-500-000-videos-added-monthly-N_v1.mp4; 06_419d_with-over-500-000-videos-added-monthly-N_v2.mp4; 06_419d_with-over-500-000-videos-added-monthly-N_v3.mp4,,3
07_Adobe,Adobe,7,419,2025-07-24,DCO,LEARN_MORE,,Enjoy 3 high-quality videos.,Enjoy 3 high-quality videos.,Fine-tune your video search with access to over 500k videos added monthly — included with a 30-day free Adobe Stock trial.,,https://stock.adobe.com/uk/promo/firstmonthfree25,"facebook,instagram,audience_network,messenger,threads",https://app.foreplay.co/discovery?ad=B4QV0Y8fhbhsSz1AgGWb,B4QV0Y8fhbhsSz1AgGWb,07_419d_Enjoy-3-high-quality-videos_v1.jpg; 07_419d_Enjoy-3-high-quality-videos_v2.jpg; 07_419d_Enjoy-3-high-quality-videos_v3.jpg,,3
07_Adobe,Kaki Kirk,8,419,2025-07-24,VIDEO,INSTALL_MOBILE_APP,31.32,"So I've officially found a way to transport to the beach. Thank you, Adobe for partnering with me on this video! Imagine the most gorgeous beach front villa everything amazing and gorgeous awesome Here we go This is amazing Or concert Sophie as teacher Hello class my name is Miss Kathy Wait Burke from Hamilton? This why you need Adobe Firefly and here's why Okay yeah today has been way too fun Think im green screened out Bye guys",,@adobefirefly letting me live in my different worlds 🤞🏼 #AdobePartner,"So I've officially found a way to transport to the beach. Thank you, Adobe for partnering with me on this video! Imagine the most gorgeous beach front villa everything amazing and gorgeous awesome Here we go This is amazing Or concert Sophie as teacher Hello class my name is Miss Kathy Wait Burke from Hamilton? This why you need Adobe Firefly and here's why Okay yeah today has been way too fun Think im green screened out Bye guys",http://play.google.com/store/apps/details?id=com.adobe.firefly,"facebook,instagram,audience_network,messenger",https://app.foreplay.co/discovery?ad=0scFjCvMg0GUVZGYYLQk,0scFjCvMg0GUVZGYYLQk,08_419d_So-I-ve-officially-found-a-way-to-transp.mp4,08_419d_So-I-ve-officially-found-a-way-to-transp_thumb.jpg,1
07_Adobe,Kyle Nutt,9,418,2025-07-25,VIDEO,LEARN_MORE,41.75,"This is how I pulled off a big production look with the small crew. Since we only had few people on set, there were lots of empty desks so after the first take we had our actors change outfits and shot second take with them sitting in different seats that way i could mask their clones later to make classroom look more full For hallway scenes We have people walk by camera To make it feel like there was more students moving through this space Top things off I used Adobe Firefly's Generate sound effects to layer in ambient classroom noise to make it sound more busy. i even used for a few Foley sound effects like the school bell and locker opening when you're not working with big budget, You can't have at all but making the most out of what you do have can still get your results that look like this",,How I pulled off a big production look with a small crew...🎞️ with @adobefirefly #adobepartner,"This is how I pulled off a big production look with the small crew. Since we only had few people on set, there were lots of empty desks so after the first take we had our actors change outfits and shot second take with them sitting in different seats that way i could mask their clones later to make classroom look more full For hallway scenes We have people walk by camera To make it feel like there was more students moving through this space Top things off I used Adobe Firefly's Generate sound effects to layer in ambient classroom noise to make it sound more busy. i even used for a few Foley sound effects like the school bell and locker opening when you're not working with big budget, You can't have at all but making the most out of what you do have can still get your results that look like this",https://firefly.adobe.com/?sdid=T32PLKZ8&mv=social&mv2=paidsoc&ff_channel=paid_social&ff_campclass=nonbrand&ff_campaign=WMAdobe_Firefly_PRO_All_AMERxNA_LandingPageViews_Progression_Firefly_Progression_25.APF.CRE.008_Social_P35GB59&ff_source=meta&ff_camptype=awareness&ff_audience=interestsai&ff_content=clc,"facebook,instagram,messenger",https://app.foreplay.co/discovery?ad=97LJGtCpq3EcYgHglo8U,97LJGtCpq3EcYgHglo8U,09_418d_This-is-how-I-pulled-off-a-big-productio.mp4,09_418d_This-is-how-I-pulled-off-a-big-productio_thumb.jpg,1
07_Adobe,Adobe,10,411,2025-08-01,DCO,LEARN_MORE,,ابتكر تصاميماً خيالية.,ابتكر تصاميماً خيالية.,صمّم، استكشف، وابتكر– ستمكّنك تطبيقات Adobe Creative Cloud من تحويل أفكارك إلى تصاميم رائعة.,,https://www.adobe.com/mena_ar/creativecloud/plans.html?plan=edu&sdid=9RQM3W6S&mv=social&mv2=paidsoc,"facebook,instagram,messenger",https://app.foreplay.co/discovery?ad=qUyHMJEKYYY6qwzcdV4b,qUyHMJEKYYY6qwzcdV4b,10_411d_ad_v1.jpg; 10_411d_ad_v2.jpg; 10_411d_ad_v3.jpg; 10_411d_ad_v4.jpg; 10_411d_ad_v5.jpg; 10_411d_ad_v6.jpg; 10_411d_ad_v7.jpg; 10_411d_ad_v8.jpg,,8
07_Adobe,Adobe,11,411,2025-08-01,DCO,LEARN_MORE,,ابتكر تصاميماً خيالية.,ابتكر تصاميماً خيالية.,صمّم، استكشف، وابتكر– ستمكّنك تطبيقات Adobe Creative Cloud من تحويل أفكارك إلى تصاميم رائعة.,,https://www.adobe.com/mena_ar/creativecloud/plans.html?plan=individual&sdid=F89JZDMW&mv=social&mv2=paidsoc,"facebook,instagram,messenger",https://app.foreplay.co/discovery?ad=axVj1wxVgqfqpOatKaLr,axVj1wxVgqfqpOatKaLr,11_411d_ad_v1.jpg; 11_411d_ad_v2.jpg; 11_411d_ad_v3.jpg; 11_411d_ad_v4.jpg; 11_411d_ad_v5.jpg; 11_411d_ad_v6.jpg; 11_411d_ad_v7.jpg; 11_411d_ad_v8.jpg,,8
07_Adobe,Adobe,12,406,2025-08-06,VIDEO,INSTALL_MOBILE_APP,42.3,"So Adobe Firefly just dropped something that might change the way you create. So Firefly is now on mobile and it's wild with text to image and generate video modules, you can generate visuals straight from text And even full motion 1080p clips straight from your phone Here is what You can do all in the Firefly mobile app Yo've got generative fill which allows To erase or swap anything without Photoshop Y'v egot generative expand Which allowed me Reframe your reels YouTube videos carousel and the new image model 4 which allows you to get sharper lighting, better realism and way more detail. And what's great is that it all commercially safe to use That means sponsored work is covered If your a creator this gonna change how you storyboard mockup or even make thumbnails Wanna try? DM me the word FIRE I'll send u link Ill see ya",Generate video on the go.,Turn a text prompt or image into a video clip right from your phone.,"So Adobe Firefly just dropped something that might change the way you create. So Firefly is now on mobile and it's wild with text to image and generate video modules, you can generate visuals straight from text And even full motion 1080p clips straight from your phone Here is what You can do all in the Firefly mobile app Yo've got generative fill which allows To erase or swap anything without Photoshop Y'v egot generative expand Which allowed me Reframe your reels YouTube videos carousel and the new image model 4 which allows you to get sharper lighting, better realism and way more detail. And what's great is that it all commercially safe to use That means sponsored work is covered If your a creator this gonna change how you storyboard mockup or even make thumbnails Wanna try? DM me the word FIRE I'll send u link Ill see ya",http://play.google.com/store/apps/details?id=com.adobe.firefly,"facebook,instagram,audience_network,messenger",https://app.foreplay.co/discovery?ad=5TccODO6rIUd8MkPfWk1,5TccODO6rIUd8MkPfWk1,12_406d_So-Adobe-Firefly-just-dropped-something.mp4,12_406d_So-Adobe-Firefly-just-dropped-something_thumb.jpg,1
07_Adobe,Adobe,13,402,2025-08-10,VIDEO,LEARN_MORE,15.02,Sınırsız yaratıcılık.,Sınırsız yaratıcılık.,"20+ Creative Cloud app ile çalışmanız, hayal gücünüzle şekillensin.",,https://www.adobe.com/tr/creativecloud/plans.html?plan=edu&sdid=9RQM3W6S&mv=social&mv2=paidsoc,"facebook,instagram,messenger",https://app.foreplay.co/discovery?ad=OEUzTvs4Mpdi4gcjzmEn,OEUzTvs4Mpdi4gcjzmEn,13_402d_S-n-rs-z-yarat-c-l-k.mp4,,1
07_Adobe,Adobe,14,392,2025-08-20,DCO,LEARN_MORE,,Bénéficiez de trois vidéos.,Bénéficiez de trois vidéos.,Activez votre essai gratuit d’Adobe Stock et accédez à 500 000 nouvelles vidéos chaque mois pour tous vos projets créatifs.,,https://stock.adobe.com/fr/promo/firstmonthfree25,"facebook,instagram,messenger,threads",https://app.foreplay.co/discovery?ad=gkzxTxMU1KjJYOpQSeW2,gkzxTxMU1KjJYOpQSeW2,14_392d_B-n-ficiez-de-trois-vid-os_v1.jpg; 14_392d_B-n-ficiez-de-trois-vid-os_v2.jpg; 14_392d_B-n-ficiez-de-trois-vid-os_v3.jpg,,3
07_Adobe,Adobe,15,391,2025-08-21,DCO,LEARN_MORE,,Unlimited assets. One plan.,Unlimited assets. One plan.,"Adobe Stock Unlimited plan. Choose from fresh video templates, music tracks, photos, and more — every day.",,https://stock.adobe.com/uk/royalty-free/unlimited,"facebook,instagram,messenger,threads",https://app.foreplay.co/discovery?ad=enoHkKZPGYuwHQ0KzeK8,enoHkKZPGYuwHQ0KzeK8,15_391d_Unlimited-assets-One-plan_v1.jpg; 15_391d_Unlimited-assets-One-plan_v2.jpg; 15_391d_Unlimited-assets-One-plan_v3.jpg,,3
08_Slack,Slack,1,520,2025-04-14,DCO,SIGN_UP,15.02,スラックでプロジェクトをもっと効率化 投稿したり ミーティングしたら タッシュコーン整理して Slackなら仕事がはかどります,プロジェクトにホームベースを,それぞれ遠く離れた場所にいても、机を並べているかのように連携できます,スラックでプロジェクトをもっと効率化 投稿したり ミーティングしたら タッシュコーン整理して Slackなら仕事がはかどります,https://slack.com/intl/ja-jp/solutions/use-cases/manage-projects-efficiently?d=701ed00000ArpqWAAR&nc=701ed00000ArMqBAAV&utm_source=meta&utm_medium=paid_social&utm_campaign=APAC_JP_JP_SLK_Evergreen_X_Meta_Conc_SLACK-PG-SS-All-All-MOF-Use-Case-Desktop&utm_content=allsegments_all-ss-broad-jp-use-case1_701ed00000ArpqWAAR_japanese_manage-projects-efficiently_kaposttitle&utm_term=Retail-Interest-Desktop-JP_._Fast-Communication-UC1,facebook,https://app.foreplay.co/discovery?ad=cJzMVE4UMKUN4PLjYPTn,cJzMVE4UMKUN4PLjYPTn,01_520d_Slack_v1.mp4; 01_520d_Slack_v2.mp4,,2
08_Slack,Slack,2,467,2025-06-06,DCO,SIGN_UP,15.02,"Setze Projekte mit Slack in kürzerer Zeit um. Schreibe über sie, sprich über sie Startet durch! Arbeit findet in Slack statt",Deine Projekte zusammenführen | Slack,"Tschüss, E-Mails! Slack beschleunigt die Kommunikation für schnellere Projektabschlüsse","Setze Projekte mit Slack in kürzerer Zeit um. Schreibe über sie, sprich über sie Startet durch! Arbeit findet in Slack statt",https://slack.com/intl/de-de/solutions/use-cases/manage-projects-efficiently?d=701ed00000ArzuyAAB&nc=701ed00000As203AAB&utm_source=meta&utm_medium=paid_social&utm_campaign=EMEA_DE_DE_SLK_Evergreen_X_Meta_Conc_SLACK-PG-SS-All-All-ToFu-Use-Case-Desktop&utm_content=all-segments_x-ss-ToFu-de-uc1_701ed00000ArzuyAAB_german_manage-projects-efficiently&utm_term=Interest-Industry-Desktop-DE_._Fast-communication-de-uc1,facebook,https://app.foreplay.co/discovery?ad=Ox3Eyjbhvn6EKDxWZcPu,Ox3Eyjbhvn6EKDxWZcPu,02_467d_Setze-Projekte-mit-Slack-in-k-rzerer-Zei_v1.mp4; 02_467d_Setze-Projekte-mit-Slack-in-k-rzerer-Zei_v2.mp4,,2
08_Slack,Slack,3,394,2025-08-18,DCO,LEARN_MORE,,Easily juggle projects.,Easily juggle projects.,"With lists, recaps, and summaries, Slack makes it easy to stay on the same page as your team, without reading every chapter.",,https://slack.com/solutions/small-business?pg=paid-campaign&d=701ed00000ArSFOAA3&nc=701ed00000ArhshAAB&utm_source=meta&utm_medium=paid_social&utm_campaign=AMER_US_USCA_SLK_Evergreen_X_Meta_Conc_SLACK-PG-SS-All-All-MOF-Bus-Plus-SMB-Broad-Desktop&utm_content=all-segments_all-ss-broad-smb-page-bus-plus_701ed00000ArSFOAA3_english_small-business-pg-paid-campaign&utm_term=SMB-Broad-Desktop-US_Workstyle_._customer_roger_static_x_Roger-Dane-Projects,facebook,https://app.foreplay.co/discovery?ad=NZRhe3KmuloELZnLGFMn,NZRhe3KmuloELZnLGFMn,03_394d_Easily-juggle-projects_v1.jpg; 03_394d_Easily-juggle-projects_v2.jpg; 03_394d_Easily-juggle-projects_v3.jpg,,3
08_Slack,Slack,4,386,2025-08-26,DCO,SIGN_UP,,Put All Your Tools at Your Fingertips in Slack,Put All Your Tools at Your Fingertips in Slack,"In Slack, work just… works. Connect your most-used apps for resolving tickets, managing projects, and more, to speed up and simplify your workday.",,https://slack.com/solutions/small-business?pg=paid-campaign&d=701ed00000ArSFOAA3&nc=701ed00000ArhshAAB&utm_source=meta&utm_medium=paid_social&utm_campaign=AMER_US_USCA_SLK_Evergreen_X_Meta_Conc_SLACK-PG-SS-All-All-MOF-Bus-Plus-SMB-Broad-Mobile&utm_content=all-segments_all-ss-broad-smb-page-bus-plus_701ed00000ArSFOAA3_english_small-business-pg-paid-campaign&utm_term=SMB-Broad-Mobile-US_Workstyle_._customer_gozney_static_x_Gozney-Janey,"facebook,instagram,audience_network,messenger,threads",https://app.foreplay.co/discovery?ad=fLFJYvkmd9UoQWKpH0zl,fLFJYvkmd9UoQWKpH0zl,04_386d_Put-All-Your-Tools-at-Your-Fingertips-in_v1.mp4; 04_386d_Put-All-Your-Tools-at-Your-Fingertips-in_v2.jpg; 04_386d_Put-All-Your-Tools-at-Your-Fingertips-in_v3.mp4,,3
08_Slack,Slack,5,377,2025-09-04,DCO,SIGN_UP,,Gozney Brings All Their Tools Into Slack,Gozney Brings All Their Tools Into Slack,"By integrating apps like Lattice and Trustpilot into Slack, Gozney jumps through fewer hoops to get things done.",,https://slack.com/intl/en-gb/solutions/small-business?d=701ed00000ArzvZAAR&nc=701ed00000As20eAAB&utm_source=meta&utm_medium=paid_social&utm_campaign=EMEA_GB_UKI_SLK_Evergreen_X_Meta_Conc_SLACK-PG-SS-All-All-ToFu-Use-Case-Desktop-T1&utm_content=all-segments_x-ss-mof-gb-smallbusiness_701ed00000ArzvZAAR_english_small-business&utm_term=Marketing-Interest-Desktop-GB_._Gozney-Rox-Integrations-15s,facebook,https://app.foreplay.co/discovery?ad=DiLx5jlzCABQzwuFxNZQ,DiLx5jlzCABQzwuFxNZQ,05_377d_Gozney-Brings-All-Their-Tools-Into-Slack_v1.mp4; 05_377d_Gozney-Brings-All-Their-Tools-Into-Slack_v2.mp4; 05_377d_Gozney-Brings-All-Their-Tools-Into-Slack_v3.mp4,,3
08_Slack,Slack,6,365,2025-09-16,DCO,SIGN_UP,,Writer + Slack,Writer + Slack,"Feeling the need for speed? Writer works together in Slack for swift, streamlined solutions.",,https://slack.com/solutions/small-business?pg=paid-campaign&d=701ed00000ArSFOAA3&nc=701ed00000ArhshAAB&utm_source=meta&utm_medium=paid_social&utm_campaign=AMER_US_USCA_SLK_Evergreen_X_Meta_Conc_SLACK-PG-SS-All-All-MOF-Bus-Plus-SMB-Industry-IT-Mobile&utm_content=all-segments_all-ss-broad-smb-page-bus-plus_701ed00000ArSFOAA3_english_small-business-pg-paid-campaign&utm_term=SMB-Industry-IT-Mobile-US_IT_._customer_writerai_static_x_writer-brock-static,"facebook,instagram,audience_network,messenger,threads",https://app.foreplay.co/discovery?ad=xKipH3jWToLsiuvFtbyQ,xKipH3jWToLsiuvFtbyQ,06_365d_Writer-Slack_v1.jpg; 06_365d_Writer-Slack_v2.jpg,,2
08_Slack,Slack,7,364,2025-09-17,DCO,LEARN_MORE,,"Why is Slack the easiest decision in business? Because you'll power through projects faster. You'l get the right people together and get answers right away We're all set And... ...you actually like the way you work we love using Slack If didn't have Slack, it would explode I feel like a fangirl Like i'm obsessed with if my company ever took slack away from me probably quit on spot Me too Justin Me too.",Get 50% off Slack.,"Slack speeds up decision-making by 26%, people love it 100%, and if you sign up now, you’ll get 50% off your first 3 months.","Why is Slack the easiest decision in business? Because you'll power through projects faster. You'l get the right people together and get answers right away We're all set And... ...you actually like the way you work we love using Slack If didn't have Slack, it would explode I feel like a fangirl Like i'm obsessed with if my company ever took slack away from me probably quit on spot Me too Justin Me too.",https://slack.com/solutions/small-business?pg=paid-campaign&d=701ed00000ArSFeAAN&nc=701ed00000ArhsxAAB&utm_source=meta&utm_medium=paid_social&utm_campaign=AMER_US_USCA_SLK_Evergreen_X_Meta_Conc_SLACK-PG-BR-All-Video-TOF-Bus-Plus-Consolidated-Mixed-All-Test&utm_content=all-segments_all-ss-tof-bus-plus-page_701ed00000ArSFeAAN_english_small-business-pg-paid-campaign&utm_term=Consolidated-Mixed-All-US_Broad_._evergreen_busplus_video_30sec_SMB-Broad-30s,"facebook,instagram",https://app.foreplay.co/discovery?ad=7AQnPXdXxWKDr3zH1wB1,7AQnPXdXxWKDr3zH1wB1,07_364d_Why-is-Slack-the-easiest-decision-in-bus_v1.mp4; 07_364d_Why-is-Slack-the-easiest-decision-in-bus_v2.mp4; 07_364d_Why-is-Slack-the-easiest-decision-in-bus_v3.mp4,,3
08_Slack,Slack,8,359,2025-09-22,DCO,SIGN_UP,,"At Carraway, simplifying the company tech portfolio has been extremely easy to do when Slack provides alternatives that you don't need to subscribe too. You can save cost simplify contracts because Slack offers those features and functionality all under one umbrella",Collab quicker in Slack.,"When you bring clients, contractors, and customers into Slack, you can turn projects around faster. It’s simple work math.","At Carraway, simplifying the company tech portfolio has been extremely easy to do when Slack provides alternatives that you don't need to subscribe too. You can save cost simplify contracts because Slack offers those features and functionality all under one umbrella",https://slack.com/solutions/small-business?pg=paid-campaign&d=701ed00000ArSFOAA3&nc=701ed00000ArhshAAB&utm_source=meta&utm_medium=paid_social&utm_campaign=AMER_US_USCA_SLK_Evergreen_X_Meta_Conc_SLACK-PG-SS-All-All-MOF-Bus-Plus-SMB-Broad-Desktop-Test&utm_content=all-segments_all-ss-broad-smb-page-bus-plus_701ed00000ArSFOAA3_english_small-business-pg-paid-campaign&utm_term=SMB-Broad-Desktop-US_Interest_._customer_caraway_video_15sec_caraway-superpower,facebook,https://app.foreplay.co/discovery?ad=h67IeID8bQfpVGrVJjcl,h67IeID8bQfpVGrVJjcl,08_359d_At-Carraway-simplifying-the-company-tech_v1.mp4; 08_359d_At-Carraway-simplifying-the-company-tech_v2.mp4; 08_359d_At-Carraway-simplifying-the-company-tech_v3.mp4,,3
08_Slack,Slack,9,355,2025-09-26,DCO,SIGN_UP,,"And Carraway, something we've been really leveraging and loving are Slack workflows. Workflows are such a user-friendly way to make simple everyday tasks more streamlined and organized I actually have workflow where the team can kind of type out their requests to me it gets synced into our project management systems It's really helped my personally become more efficient i mean...I save so much time with workflows Slack is such powerful tool and is a critical piece of the business.",Caraway x Slack,See how Caraway uses workflows in Slack to save time on everyday tasks,"And Carraway, something we've been really leveraging and loving are Slack workflows. Workflows are such a user-friendly way to make simple everyday tasks more streamlined and organized I actually have workflow where the team can kind of type out their requests to me it gets synced into our project management systems It's really helped my personally become more efficient i mean...I save so much time with workflows Slack is such powerful tool and is a critical piece of the business.",https://slack.com/solutions/small-business?pg=paid-campaign&d=701ed00000ArSFOAA3&nc=701ed00000ArhshAAB&utm_source=meta&utm_medium=paid_social&utm_campaign=AMER_CA_USCA_SLK_Evergreen_X_Meta_Conc_SLACK-PG-SS-All-All-MOF-Bus-Plus-SMB-Industry-IT-Desktop&utm_content=all-segments_all-ss-broad-smb-page-bus-plus_701ed00000ArSFOAA3_english_small-business-pg-paid-campaign&utm_term=SMB-Industry-IT-Desktop-CA_IT_._customer_caraway_video_30sec_caraway-workflows,facebook,https://app.foreplay.co/discovery?ad=seXGlHIVW5LG5BCznLwA,seXGlHIVW5LG5BCznLwA,09_355d_And-Carraway-something-we-ve-been-really_v1.mp4; 09_355d_And-Carraway-something-we-ve-been-really_v2.mp4,,2
08_Slack,Slack,10,355,2025-09-26,DCO,SIGN_UP,,Try AI search in Slack.,Try AI search in Slack.,"With AI-powered search in Slack, you can find important info instantly. No digging required",,https://slack.com/solutions/small-business?d=7013y0000022sAeAAI&nc=7013y0000023FN4AAM&utm_source=meta&utm_medium=paid_social&utm_campaign=AMER_US_USCA_SLK_Evergreen_X_Meta_Conc_SLACK-PG-SS-All-All-MOF-Use-Case-Desktop&utm_content=allsegments_all-ss-broad-small-business-lp-test_7013y0000022sAeAAI_english_small-business&utm_term=IndustryBusiness-Interest-Desktop-US_._challenger-v1-more-discovering-statichttps://slack.com/solutions/small-business?d=7013y0000022sAeAAI&nc=7013y0000023FN4AAM&utm_source=meta&utm_medium=paid_social&utm_campaign=AMER_US_USCA_SLK_Evergreen_X_Meta_Conc_SLACK-PG-SS-All-All-MOF-Use-Case-Desktop&utm_content=allsegments_all-ss-broad-small-business-lp-test_7013y0000022sAeAAI_english_small-business&utm_term=IndustryBusiness-Interest-Desktop-US_._challenger-v1-more-discovering-static,facebook,https://app.foreplay.co/discovery?ad=BWCugVbzWyxrqOkA1TrI,BWCugVbzWyxrqOkA1TrI,10_355d_Try-AI-search-in-Slack_v1.mp4; 10_355d_Try-AI-search-in-Slack_v2.jpg; 10_355d_Try-AI-search-in-Slack_v3.mp4,,3
08_Slack,Slack,11,350,2025-10-01,DCO,LEARN_MORE,,Automate tasks in Slack.,Automate tasks in Slack.,"Let automations tackle your busywork, while you tackle the important stuff.",,https://slack.com/solutions/small-business?pg=paid-campaign&d=701ed00000ArSFeAAN&nc=701ed00000ArhsxAAB&utm_source=meta&utm_medium=paid_social&utm_campaign=AMER_US_USCA_SLK_Evergreen_X_Meta_Conc_SLACK-PG-BR-All-All-TOF-Bus-Plus-Consolidated-Mixed-All&utm_content=all-segments_all-ss-tof-bus-plus-page_701ed00000ArSFeAAN_english_small-business-pg-paid-campaign&utm_term=Consolidated-Mixed-All-US_Interest_._evergreen_busplus_static_x_less-busywork,"facebook,instagram,messenger,threads",https://app.foreplay.co/discovery?ad=WhC6Q8uxYWKVmyScQaix,WhC6Q8uxYWKVmyScQaix,11_350d_Automate-tasks-in-Slack_v1.jpg; 11_350d_Automate-tasks-in-Slack_v2.jpg,,2
08_Slack,Slack,12,348,2025-10-03,DCO,SIGN_UP,,"With Slack, you can collaborate with people from other companies in one secure space. Without Slack... Without it? I don't know… …I don´t think i'd want to work! ...i couldn' t agree more",Collab quicker in Slack.,"When you bring clients, contractors, and customers into Slack, you can turn projects around faster. It’s simple work math.","With Slack, you can collaborate with people from other companies in one secure space. Without Slack... Without it? I don't know… …I don´t think i'd want to work! ...i couldn' t agree more",https://slack.com/solutions/use-cases/collaborate-externally?d=701ed00000ArSFiAAN&nc=701ed00000Arht1AAB&utm_source=meta&utm_medium=paid_social&utm_campaign=AMER_CA_USCA_SLK_Evergreen_X_Meta_Conc_SLACK-PG-SS-All-All-MOF-Bus-Plus-SMB-Broad-Mobile&utm_content=all-segments_all-ss-broad-smb-slack-connect_701ed00000ArSFiAAN_english_collaborate-externally&utm_term=SMB-Broad-Mobile-CA_High-Intent-LAL_._features_slack-connect_video_15sec_slack-connect,"facebook,instagram,audience_network,messenger,threads",https://app.foreplay.co/discovery?ad=xeGh9IrfvDb2FLUC9HLO,xeGh9IrfvDb2FLUC9HLO,12_348d_With-Slack-you-can-collaborate-with-peop_v1.mp4; 12_348d_With-Slack-you-can-collaborate-with-peop_v2.mp4; 12_348d_With-Slack-you-can-collaborate-with-peop_v3.mp4,,3
08_Slack,Slack,13,348,2025-10-03,IMAGE,SIGN_UP,,Resolve issues in Slack.,Resolve issues in Slack.,Rivian saved millions by working smarter in Slack. How’s that for a little extra pocket money? 💰,,https://slack.com/solutions/small-business?pg=paid-campaign&d=701ed00000ArSFOAA3&nc=701ed00000ArhshAAB&utm_source=meta&utm_medium=paid_social&utm_campaign=AMER_CA_USCA_SLK_Evergreen_X_Meta_Conc_SLACK-PG-SS-All-All-MOF-Bus-Plus-SMB-Broad-Desktop&utm_content=all-segments_all-ss-broad-smb-page-bus-plus_701ed00000ArSFOAA3_english_small-business-pg-paid-campaign&utm_term=SMB-Broad-Desktop-CA_Interest_._customer_rivian_static_x_rivian-anoop-v2,facebook,https://app.foreplay.co/discovery?ad=RNWzGraDIEmoxjgynlsw,RNWzGraDIEmoxjgynlsw,13_348d_Resolve-issues-in-Slack.jpg,,1
08_Slack,Slack,14,331,2025-10-20,DCO,SIGN_UP,,Catch up quicker with AI.,Catch up quicker with AI.,"Let automations tackle your busywork, while you tackle the important stuff.",,https://slack.com/solutions/small-business?d=7013y0000022sAeAAI&nc=7013y0000023FN4AAM&utm_source=meta&utm_medium=paid_social&utm_campaign=AMER_US_USCA_SLK_Evergreen_X_Meta_Conc_SLACK-PG-SS-All-All-MOF-Use-Case-Desktop&utm_content=allsegments_all-ss-broad-small-business-lp-test_7013y0000022sAeAAI_english_small-business&utm_term=IndustryBusiness-Interest-Desktop-US_._challenger-v1-breakthroughs-static,"facebook,instagram,audience_network,messenger,threads",https://app.foreplay.co/discovery?ad=oGhqLLL9WnLcZyuD3f9b,oGhqLLL9WnLcZyuD3f9b,14_331d_Catch-up-quicker-with-AI_v1.jpg; 14_331d_Catch-up-quicker-with-AI_v2.jpg,,2
08_Slack,Slack,15,300,2025-11-20,VIDEO,SIGN_UP,30.57,"Ryder has been growing at an astronomical pace. Not only the employees, but also the number of customers We throw people right into projects And so a huge advantage Of using Slack is actually being able to see All the context and history in one place Instead having forwarded e-mails This gives them immediate ability To start contributing right away Typically The old way On board would take 40 hours Now they can be on board In matter minutes It's incredible We need Slack, it's an important tool in order for us to grow.",Writer + Slack,Onboarding at Writer used to take a week or more. Now it's a matter of minutes with Slack. ⏱️,"Ryder has been growing at an astronomical pace. Not only the employees, but also the number of customers We throw people right into projects And so a huge advantage Of using Slack is actually being able to see All the context and history in one place Instead having forwarded e-mails This gives them immediate ability To start contributing right away Typically The old way On board would take 40 hours Now they can be on board In matter minutes It's incredible We need Slack, it's an important tool in order for us to grow.",https://slack.com/solutions/small-business?pg=paid-campaign&d=701ed00000ArSFOAA3&nc=701ed00000ArhshAAB&utm_source=meta&utm_medium=paid_social&utm_campaign=AMER_US_USCA_SLK_Evergreen_X_Meta_Conc_SLACK-PG-SS-All-All-MOF-Bus-Plus-SMB-Industry-IT-Desktop&utm_content=all-segments_all-ss-broad-smb-page-bus-plus_701ed00000ArSFOAA3_english_small-business-pg-paid-campaign&utm_term=SMB-Industry-IT-Desktop-US_IT_._customer_writerai_static_x_Writer-Kevin-Onboarding,facebook,https://app.foreplay.co/discovery?ad=uEFtOkoW9j42eOwsr8XO,uEFtOkoW9j42eOwsr8XO,15_300d_Ryder-has-been-growing-at-an-astronomica.mp4,15_300d_Ryder-has-been-growing-at-an-astronomica_thumb.jpg,1
09_ClickFunnels,ClickFunnels,1,189,2026-03-11,DCO,LEARN_MORE,,"I had been trying to make money on the internet for a long time. The only person that really believed me was my wife, but finally made my very first sale that gave you belief that this was real You need your first win you need your firs customer we didn't make her purse thousand dollars That way he can say actually did it and not so crazy something called The one comic book challenge and once u hit where sending one of these because users are something who can hold symbol in remind us as i divide refers thousands will now make you rich, but it will give you belief. Belief that this actually works and more importantly belief that'll actually work for you so with that said welcome to the One Common Club Challenge now let's go get started and earn your first sale",Click To Claim The Lifetime Deal!,"Wanna Make Your First $1,000 Online?

Join our FREE proven 5-Day system and discover the secret to go from $0 to $1,000 even if you don't have a business or idea.

Join The FREE ‘One Comma Club’ Challenge and walk away with the PROOF that makes you say, “I Can Actually Do This!”

👉 https://www.onecommaclubchallenge.com","I had been trying to make money on the internet for a long time. The only person that really believed me was my wife, but finally made my very first sale that gave you belief that this was real You need your first win you need your firs customer we didn't make her purse thousand dollars That way he can say actually did it and not so crazy something called The one comic book challenge and once u hit where sending one of these because users are something who can hold symbol in remind us as i divide refers thousands will now make you rich, but it will give you belief. Belief that this actually works and more importantly belief that'll actually work for you so with that said welcome to the One Common Club Challenge now let's go get started and earn your first sale",https://www.onecommaclub.com/,"facebook,instagram,audience_network,messenger,threads",https://app.foreplay.co/discovery?ad=nEmxcTXV7NGZHFmhnFkT,nEmxcTXV7NGZHFmhnFkT,01_189d_I-had-been-trying-to-make-money-on-the-i_v1.mp4; 01_189d_I-had-been-trying-to-make-money-on-the-i_v2.mp4,,2
09_ClickFunnels,ClickFunnels,2,189,2026-03-11,DCO,LEARN_MORE,,"I had been trying to make money on the internet for a long time. The only person that really believed me was my wife, but finally made my very first sale that gave you belief that this was real You need your first win you need your firs customer meet and make their firth thousand dollars That way we can say actually did thi And thats why create something called The One Comic Club Challenge and once u hit it We're sending one of these because he deserves something U can hold A symbol in reminder says i Did This Your First Thousand Dollars Will not Make Ur Rich but it will give you belief. Belief that this actually works, and more importantly belief that is'll actually work for you so with that said welcome to the OneComicClub challenge now let's go get started and earn your first sale Join The OneComic Club Challenge And learn how AI plus funnels can be used To create your first thousand dollar No product no audience guru status just A I doing The heavy lifting while you earn Your one comic club award This week",Click To Claim The Lifetime Deal!,"Wanna Make Your First $1,000 Online?

Join our FREE proven 5-Day system and discover the secret to go from $0 to $1,000 even if you don't have a business or idea.

Join The FREE ‘One Comma Club’ Challenge and walk away with the PROOF that makes you say, “I Can Actually Do This!”

👉 https://www.onecommaclubchallenge.com","I had been trying to make money on the internet for a long time. The only person that really believed me was my wife, but finally made my very first sale that gave you belief that this was real You need your first win you need your firs customer meet and make their firth thousand dollars That way we can say actually did thi And thats why create something called The One Comic Club Challenge and once u hit it We're sending one of these because he deserves something U can hold A symbol in reminder says i Did This Your First Thousand Dollars Will not Make Ur Rich but it will give you belief. Belief that this actually works, and more importantly belief that is'll actually work for you so with that said welcome to the OneComicClub challenge now let's go get started and earn your first sale Join The OneComic Club Challenge And learn how AI plus funnels can be used To create your first thousand dollar No product no audience guru status just A I doing The heavy lifting while you earn Your one comic club award This week",https://www.onecommaclub.com/,"facebook,instagram,audience_network,messenger,threads",https://app.foreplay.co/discovery?ad=kyex8HrVrQZ0QNeorVQB,kyex8HrVrQZ0QNeorVQB,02_189d_I-had-been-trying-to-make-money-on-the-i_v1.mp4; 02_189d_I-had-been-trying-to-make-money-on-the-i_v2.mp4,,2
09_ClickFunnels,ClickFunnels,3,180,2026-03-20,IMAGE,LEARN_MORE,,Lifetime Deal Almost Expired!,Lifetime Deal Almost Expired!,"🚨 YOUR LIFETIME CLICKFUNNELS OFFER HAS ALMOST EXPIRED 🚨

You crushed the One Comma Club Challenge...

But now its time to lock in that lifetime deal...

✅ LIFETIME ClickFunnels access ($35,640 value)
✅ Official Funnel Builder Certification ($14,997 value)
✅ 50 Reseller/Agency Accounts (INSANE value)
✅ Everything you need to start charging $5K-$10K per funnel

And it's going away...

Will you be the one who acts? Or the one who watches from the sidelines?

👉 Save your spot before the timer hits zero here: https://www.onecommaclub.com/go",,https://www.onecommaclub.com/go,"facebook,instagram,audience_network,messenger,threads",https://app.foreplay.co/discovery?ad=X0v928M4P5NQwJgU8Rze,X0v928M4P5NQwJgU8Rze,03_180d_Lifetime-Deal-Almost-Expired.png,,1
09_ClickFunnels,ClickFunnels,4,180,2026-03-20,DCO,LEARN_MORE,,"The future of the American worker. AI is affecting jobs There have been layoffs Amazon employees are re-evaluating their future You need your first win, you need your first customer You need to make your first thousand dollars And that's why we created something called The One Comma Club Challenge and once hit it We're going send one these Because deserve something That can hold a symbol A reminder thats says I did this On top Of that Your gonna get live coaching Funnel templates Offer frameworks ClickFunnels access To build your funnel and support from the entire Funnel Hacker community. Now let's go get started and earn your first sale! Join the OneComicClub challenge and learn how AI plus funnels can be used to create your first thousand dollars, no product or audience nor guru status just A I doing heavy lifting while you earn one comic club award this week with me",Click To Claim The Lifetime Deal!,"Wanna Make Your First $1,000 Online?

Join our FREE proven 5-Day system and discover the secret to go from $0 to $1,000 even if you don't have a business or idea.

Join The FREE ‘One Comma Club’ Challenge and walk away with the PROOF that makes you say, “I Can Actually Do This!”

👉 https://www.onecommaclubchallenge.com","The future of the American worker. AI is affecting jobs There have been layoffs Amazon employees are re-evaluating their future You need your first win, you need your first customer You need to make your first thousand dollars And that's why we created something called The One Comma Club Challenge and once hit it We're going send one these Because deserve something That can hold a symbol A reminder thats says I did this On top Of that Your gonna get live coaching Funnel templates Offer frameworks ClickFunnels access To build your funnel and support from the entire Funnel Hacker community. Now let's go get started and earn your first sale! Join the OneComicClub challenge and learn how AI plus funnels can be used to create your first thousand dollars, no product or audience nor guru status just A I doing heavy lifting while you earn one comic club award this week with me",https://www.onecommaclub.com/,"facebook,instagram,audience_network,messenger,threads",https://app.foreplay.co/discovery?ad=VAWG0pWoMEuYRrbmuMFM,VAWG0pWoMEuYRrbmuMFM,04_180d_The-future-of-the-American-worker-AI-is_v1.mp4; 04_180d_The-future-of-the-American-worker-AI-is_v2.mp4,,2
09_ClickFunnels,ClickFunnels,5,178,2026-03-22,DCO,LEARN_MORE,,"The future of the American worker. AI is affecting jobs There have been layoffs Amazon employees are re-evaluating their future You need your first win, you need your first customer You need to make your first thousand dollars And that's why we created something called The One Comma Club Challenge and once hit it We're going send one these Because deserve something That can hold a symbol A reminder thats says I did this On top Of that Your gonna get live coaching Funnel templates Offer frameworks ClickFunnels access To build your funnel and support from the entire Funnel Hacker community. Now let's go get started and earn your first sale! Join the OneComicClub challenge and learn how AI plus funnels can be used to create your first thousand dollars, no product or audience nor guru status just A I doing heavy lifting while you earn one comic club award this week with me",Click To Claim The Lifetime Deal!,"Wanna Make Your First $1,000 Online?

Join our FREE proven 5-Day system and discover the secret to go from $0 to $1,000 even if you don't have a business or idea.

Join The FREE ‘One Comma Club’ Challenge and walk away with the PROOF that makes you say, “I Can Actually Do This!”

👉 https://www.onecommaclubchallenge.com","The future of the American worker. AI is affecting jobs There have been layoffs Amazon employees are re-evaluating their future You need your first win, you need your first customer You need to make your first thousand dollars And that's why we created something called The One Comma Club Challenge and once hit it We're going send one these Because deserve something That can hold a symbol A reminder thats says I did this On top Of that Your gonna get live coaching Funnel templates Offer frameworks ClickFunnels access To build your funnel and support from the entire Funnel Hacker community. Now let's go get started and earn your first sale! Join the OneComicClub challenge and learn how AI plus funnels can be used to create your first thousand dollars, no product or audience nor guru status just A I doing heavy lifting while you earn one comic club award this week with me",https://www.onecommaclub.com/,"facebook,instagram,audience_network,messenger,threads",https://app.foreplay.co/discovery?ad=M1AEp6gQiNbP9sp8QVtP,M1AEp6gQiNbP9sp8QVtP,05_178d_The-future-of-the-American-worker-AI-is_v1.mp4; 05_178d_The-future-of-the-American-worker-AI-is_v2.mp4,,2
09_ClickFunnels,ClickFunnels,6,176,2026-03-24,IMAGE,LEARN_MORE,,Click To Claim The Lifetime Deal!,Click To Claim The Lifetime Deal!,"Wanna Make Your First $1,000 Online?

Join our FREE proven 5-Day system and discover the secret to go from $0 to $1,000 even if you don't have a business or idea.

Join The FREE ‘One Comma Club’ Challenge and walk away with the PROOF that makes you say, “I Can Actually Do This!”

👉 https://www.onecommaclubchallenge.com",,https://www.onecommaclub.com/,"facebook,instagram,audience_network,messenger,threads",https://app.foreplay.co/discovery?ad=b7yooTweaDsQd8U3JSru,b7yooTweaDsQd8U3JSru,06_176d_Click-To-Claim-The-Lifetime-Deal.png,,1
09_ClickFunnels,ClickFunnels,7,162,2026-04-07,IMAGE,LEARN_MORE,,Lifetime Deal Almost Expired!,Lifetime Deal Almost Expired!,"🚨 YOUR LIFETIME CLICKFUNNELS OFFER HAS ALMOST EXPIRED 🚨

You crushed the One Comma Club Challenge...

But now its time to lock in that lifetime deal...

✅ LIFETIME ClickFunnels access ($35,640 value)
✅ Official Funnel Builder Certification ($14,997 value)
✅ 50 Reseller/Agency Accounts (INSANE value)
✅ Everything you need to start charging $5K-$10K per funnel

And it's going away...

Will you be the one who acts? Or the one who watches from the sidelines?

👉 Save your spot before the timer hits zero here: https://www.onecommaclub.com/go",,https://www.onecommaclub.com/go,"facebook,instagram,audience_network,messenger,threads",https://app.foreplay.co/discovery?ad=xE8TYPJG1qdYs4BhMV6H,xE8TYPJG1qdYs4BhMV6H,07_162d_Lifetime-Deal-Almost-Expired.png,,1
09_ClickFunnels,ClickFunnels,8,162,2026-04-07,IMAGE,LEARN_MORE,,Lifetime Deal Almost Expired!,Lifetime Deal Almost Expired!,"🚨 YOUR LIFETIME CLICKFUNNELS OFFER HAS ALMOST EXPIRED 🚨

You crushed the One Comma Club Challenge...

But now its time to lock in that lifetime deal...

✅ LIFETIME ClickFunnels access ($35,640 value)
✅ Official Funnel Builder Certification ($14,997 value)
✅ 50 Reseller/Agency Accounts (INSANE value)
✅ Everything you need to start charging $5K-$10K per funnel

And it's going away...

Will you be the one who acts? Or the one who watches from the sidelines?

👉 Save your spot before the timer hits zero here: https://www.onecommaclub.com/go",,https://www.onecommaclub.com/go,"facebook,instagram,audience_network,messenger,threads",https://app.foreplay.co/discovery?ad=cImOoJ2WwwNmupSNCjEW,cImOoJ2WwwNmupSNCjEW,08_162d_Lifetime-Deal-Almost-Expired.png,,1
09_ClickFunnels,ClickFunnels,9,162,2026-04-07,IMAGE,LEARN_MORE,,Lifetime Deal Almost Expired!,Lifetime Deal Almost Expired!,"🚨 YOUR LIFETIME CLICKFUNNELS OFFER HAS ALMOST EXPIRED 🚨

You crushed the One Comma Club Challenge...

But now its time to lock in that lifetime deal...

✅ LIFETIME ClickFunnels access ($35,640 value)
✅ Official Funnel Builder Certification ($14,997 value)
✅ 50 Reseller/Agency Accounts (INSANE value)
✅ Everything you need to start charging $5K-$10K per funnel

And it's going away...

Will you be the one who acts? Or the one who watches from the sidelines?

👉 Save your spot before the timer hits zero here: https://www.onecommaclub.com/go",,https://www.onecommaclub.com/go,"facebook,instagram,audience_network,messenger,threads",https://app.foreplay.co/discovery?ad=F9ob6quX6UglNzSeTqA7,F9ob6quX6UglNzSeTqA7,09_162d_Lifetime-Deal-Almost-Expired.png,,1
09_ClickFunnels,ClickFunnels,10,162,2026-04-07,IMAGE,LEARN_MORE,,Lifetime Deal Almost Expired!,Lifetime Deal Almost Expired!,"🚨 YOUR LIFETIME CLICKFUNNELS OFFER HAS ALMOST EXPIRED 🚨

You crushed the One Comma Club Challenge...

But now its time to lock in that lifetime deal...

✅ LIFETIME ClickFunnels access ($35,640 value)
✅ Official Funnel Builder Certification ($14,997 value)
✅ 50 Reseller/Agency Accounts (INSANE value)
✅ Everything you need to start charging $5K-$10K per funnel

And it's going away...

Will you be the one who acts? Or the one who watches from the sidelines?

👉 Save your spot before the timer hits zero here: https://www.onecommaclub.com/go",,https://www.onecommaclub.com/go,"facebook,instagram,audience_network,messenger,threads",https://app.foreplay.co/discovery?ad=DY5ltRaIgZRLJHj9Pg9h,DY5ltRaIgZRLJHj9Pg9h,10_162d_Lifetime-Deal-Almost-Expired.png,,1
09_ClickFunnels,ClickFunnels,11,90,2026-06-18,VIDEO,LEARN_MORE,100.65086,"You have probably already thought about starting an online product business. Maybe you've even done some research, but life got busy something came up the idea went back on the shelf and now here we are thinking about doing it again you see my friend that cycle get inspired get busy lose momentum repeat It's The number one reason people never actually build THE INCOME STREAM they keep telling themselves they want its not a motivation problem its actually structure problem when there is no deadline no accountability, and no one expecting you to show up? Well it's incredibly easy To let your own future become the lowest priority in your day. Hmm... Funny how that works isn't it! You see the people I've seen break tha cycle have one thing In common They stopped trying Trying do alone on their own schedule And what they did was they plugged into something with a start date A coach and community That is exactly why The Single Product Payday Challenge Is 4 days It's live with me guiding you every single day where day one you show up, and we find your winning product Day two. We build your sales page Dave three We setup your funnel and Dave for Me write our ad And the logic so there is no room for the shelf There is know I'll get to it tomorrow because by end of date four You will have a live Product page you will have a live running ad and proof your own proof that you can actually make sales online That's what breaks the cycle for good. So I invite you join the free single product payday challenge It''s four days of real accountability with me leading You,the entire time so right now click The link below this video and i'll see YOU on THE CHALLENGE",Join Saturday @ 10 AM PT,"Stop scrolling if you’ve built a Shopify store… and still haven’t made real money.
(and I’m not talking about a $7 sale from your cousin....)

I mean a real sale....from a real customer. (Straight into your bank account....)

If you’ve tried dropshipping… FBA… YouTube hacks… random TikTok trends…
And you’re still stuck at zero, this is for YOU.

This is for beginners who are DONE guessing.

I’m hosting a live walkthrough showing you the shortest path to your first Single Product Payday.

If you’re serious about finally cracking e-commerce…

Go register now  https://www.singleproductpayday.com/register","You have probably already thought about starting an online product business. Maybe you've even done some research, but life got busy something came up the idea went back on the shelf and now here we are thinking about doing it again you see my friend that cycle get inspired get busy lose momentum repeat It's The number one reason people never actually build THE INCOME STREAM they keep telling themselves they want its not a motivation problem its actually structure problem when there is no deadline no accountability, and no one expecting you to show up? Well it's incredibly easy To let your own future become the lowest priority in your day. Hmm... Funny how that works isn't it! You see the people I've seen break tha cycle have one thing In common They stopped trying Trying do alone on their own schedule And what they did was they plugged into something with a start date A coach and community That is exactly why The Single Product Payday Challenge Is 4 days It's live with me guiding you every single day where day one you show up, and we find your winning product Day two. We build your sales page Dave three We setup your funnel and Dave for Me write our ad And the logic so there is no room for the shelf There is know I'll get to it tomorrow because by end of date four You will have a live Product page you will have a live running ad and proof your own proof that you can actually make sales online That's what breaks the cycle for good. So I invite you join the free single product payday challenge It''s four days of real accountability with me leading You,the entire time so right now click The link below this video and i'll see YOU on THE CHALLENGE",https://www.singleproductpayday.com/register,"facebook,instagram,audience_network,messenger,threads",https://app.foreplay.co/discovery?ad=1KTUibqZBVA3QsDnlDjx,1KTUibqZBVA3QsDnlDjx,11_90d_You-have-probably-already-thought-about.mp4,11_90d_You-have-probably-already-thought-about_thumb.jpg,1
09_ClickFunnels,ClickFunnels,12,83,2026-06-25,VIDEO,LEARN_MORE,58.17,"People pay thousands of dollars to learn skills like copywriting, high-ticket sales and social media marketing. And those are all great skills but the most in demand skill right now the one that most people don't even know than they can learned is knowing how to use AI and funnels To build a business online This isn´T about making quick buck this is about starting something real A skill pays you directly When it works whether economy up or its down when gets more valuable as I get more powerful That's why upcoming Monday Im running completely free five day challenge called The One Karma Club And by the end of it, my goal is to teach you exactly how to use AI and funnels To make your first thousand dollars online and then hand you a skill that no recession No layoff An algorithm change can ever take away from The one comic book challenge Is completely free Join It starts this Monday If You show up Do the work Follow My instructions Walk away with everything Need earn your first cell Click link down below Register before deadline",Click To Claim The Lifetime Deal!,"Wanna Make Your First $1,000 Online?

Join our FREE proven 5-Day system and discover the secret to go from $0 to $1,000 even if you don't have a business or idea.

Join The FREE ‘One Comma Club’ Challenge and walk away with the PROOF that makes you say, “I Can Actually Do This!”

👉 https://www.onecommaclubchallenge.com","People pay thousands of dollars to learn skills like copywriting, high-ticket sales and social media marketing. And those are all great skills but the most in demand skill right now the one that most people don't even know than they can learned is knowing how to use AI and funnels To build a business online This isn´T about making quick buck this is about starting something real A skill pays you directly When it works whether economy up or its down when gets more valuable as I get more powerful That's why upcoming Monday Im running completely free five day challenge called The One Karma Club And by the end of it, my goal is to teach you exactly how to use AI and funnels To make your first thousand dollars online and then hand you a skill that no recession No layoff An algorithm change can ever take away from The one comic book challenge Is completely free Join It starts this Monday If You show up Do the work Follow My instructions Walk away with everything Need earn your first cell Click link down below Register before deadline",https://www.onecommaclub.com/,"facebook,instagram,audience_network,messenger,threads",https://app.foreplay.co/discovery?ad=uAdDsalsvOw9GPkPEk5Y,uAdDsalsvOw9GPkPEk5Y,12_83d_People-pay-thousands-of-dollars-to-learn.mp4,12_83d_People-pay-thousands-of-dollars-to-learn_thumb.jpg,1
09_ClickFunnels,ClickFunnels,13,83,2026-06-25,IMAGE,SEE_DETAILS,,Click To Claim The Lifetime Deal!,Click To Claim The Lifetime Deal!,"Wanna Make Your First $1,000 Online?

Join our FREE proven 5-Day system and discover the secret to go from $0 to $1,000 even if you don't have a business or idea.

Join The FREE ‘One Comma Club’ Challenge and walk away with the PROOF that makes you say, “I Can Actually Do This!”

👉 https://www.onecommaclubchallenge.com",,https://www.onecommaclub.com/,"facebook,instagram,audience_network,messenger,threads",https://app.foreplay.co/discovery?ad=obcNxOVbAEeviqKBT3aw,obcNxOVbAEeviqKBT3aw,13_83d_Click-To-Claim-The-Lifetime-Deal.png,,1
09_ClickFunnels,ClickFunnels,14,83,2026-06-25,VIDEO,SEE_DETAILS,41.26,"Now, if you give me five days I'll give you a skill that you can make your first thousand dollars online and every dollar after that. And i'm not talking about get rich quick thing im talking about A real in-demand skill That businesses are actively looking for and paying good money for right now The skills that You can learn In five days Then use it to make your first sale then build on the rest of Your career This Monday Im running completely free Five day challenge called One Karma Club Challenge My goal is simple By end Walk away with First thousands dollars one line Proof Tha'ts Actually Do this This challenge is completely free and it starts this Monday. All you gotta do is click link down below and register before the deadline",Click To Claim The Lifetime Deal!,"Wanna Make Your First $1,000 Online?

Join our FREE proven 5-Day system and discover the secret to go from $0 to $1,000 even if you don't have a business or idea.

Join The FREE ‘One Comma Club’ Challenge and walk away with the PROOF that makes you say, “I Can Actually Do This!”

👉 https://www.onecommaclubchallenge.com","Now, if you give me five days I'll give you a skill that you can make your first thousand dollars online and every dollar after that. And i'm not talking about get rich quick thing im talking about A real in-demand skill That businesses are actively looking for and paying good money for right now The skills that You can learn In five days Then use it to make your first sale then build on the rest of Your career This Monday Im running completely free Five day challenge called One Karma Club Challenge My goal is simple By end Walk away with First thousands dollars one line Proof Tha'ts Actually Do this This challenge is completely free and it starts this Monday. All you gotta do is click link down below and register before the deadline",https://www.onecommaclub.com/,"facebook,instagram,audience_network,messenger,threads",https://app.foreplay.co/discovery?ad=iJVdN8M7xXakOLYF2WKS,iJVdN8M7xXakOLYF2WKS,14_83d_Now-if-you-give-me-five-days-I-ll-give-y.mp4,14_83d_Now-if-you-give-me-five-days-I-ll-give-y_thumb.jpg,1
09_ClickFunnels,ClickFunnels,15,83,2026-06-25,VIDEO,SEE_DETAILS,70.46,"Most people who want to make money online have no idea where to start. And honestly, that makes sense because everywhere you look someone is telling you something different Start a YouTube channel Build the dropshipping store Do Amazon FBA Learn copyright Start up podcast It's overwhelming and most of it costs money before You ever made A single dollar But here is what nobody Is telling Yo ou don't need To figure all That out u dont need o try everything And then hope That something sticks U just Need one win Your first thousand dollars because that one win changes everything. It tells you this is real and that you can do this and then it's worth if to keep on going, That the only thing I'm focused on helping with right now This upcoming Monday am running a completely free five-day challenge focus entirely On getting your first thousand dollars By the end of my goal simple Am want you walk away with your first comma Okay And when udo Aam gonna send One these trophies Is called The 1 Comma Club Award Its physical reminder That says You did If U took First steps Then most people never actually take Now, the OneComicCup challenge is completely free to join and it starts this Monday. And if you show up and you do the work then you follow my instructions You have a chance of walking away with everything that need earn your very first sale So click link down below register before deadline",Click To Claim The Lifetime Deal!,"Wanna Make Your First $1,000 Online?

Join our FREE proven 5-Day system and discover the secret to go from $0 to $1,000 even if you don't have a business or idea.

Join The FREE ‘One Comma Club’ Challenge and walk away with the PROOF that makes you say, “I Can Actually Do This!”

👉 https://www.onecommaclubchallenge.com","Most people who want to make money online have no idea where to start. And honestly, that makes sense because everywhere you look someone is telling you something different Start a YouTube channel Build the dropshipping store Do Amazon FBA Learn copyright Start up podcast It's overwhelming and most of it costs money before You ever made A single dollar But here is what nobody Is telling Yo ou don't need To figure all That out u dont need o try everything And then hope That something sticks U just Need one win Your first thousand dollars because that one win changes everything. It tells you this is real and that you can do this and then it's worth if to keep on going, That the only thing I'm focused on helping with right now This upcoming Monday am running a completely free five-day challenge focus entirely On getting your first thousand dollars By the end of my goal simple Am want you walk away with your first comma Okay And when udo Aam gonna send One these trophies Is called The 1 Comma Club Award Its physical reminder That says You did If U took First steps Then most people never actually take Now, the OneComicCup challenge is completely free to join and it starts this Monday. And if you show up and you do the work then you follow my instructions You have a chance of walking away with everything that need earn your very first sale So click link down below register before deadline",https://www.onecommaclub.com/,"facebook,instagram,audience_network,messenger,threads",https://app.foreplay.co/discovery?ad=hSUrJY4sNSHwL2b2Fyxd,hSUrJY4sNSHwL2b2Fyxd,15_83d_Most-people-who-want-to-make-money-onlin.mp4,15_83d_Most-people-who-want-to-make-money-onlin_thumb.jpg,1
